id,canonical_code,set_code,card_number,set_name,card_name,rarity,color,card_type,cost,power,counter,attribute,traits,life,block_icon,effect_text,trigger_text,aliases_json,sources_json,base_card_id,is_variant,variant_category,variant_subtype,stamp_type,stamp_event_name,stamp_placement,distribution_source,distribution_event,is_serialized,serial_number,print_run,is_premium_variant,variant_meta_json
1,EB01-001,EB01,001,Memorial Collection,Kouzuki Oden,L,Red,Leader,4,5000,-,Slash,Land of Wano / Kozuki Family,4,2,"All of your {Land of Wano} type Character cards without a Counter have a +1000 Counter, according to the rules. [DON!! x1] [When Attacking] If you have a {Land of Wano} type Character with a cost of 5 or more, this Leader gains +1000 power until the start of your next turn.",,"[""EB01-001"", ""Kouzuki Oden""]","[""local-catalog"", ""official-cardlist"", ""community-cardlist"", ""local-corroboration"", ""onepiece-cardgame-dev""]",EB01-001,0,,,,,,,,0,,,0,{}
2,EB01-002,EB01,002,Memorial Collection,Izo,R,Red,Character,5,7000,-,Ranged,Land of Wano / Whitebeard Pirates,,2,"[On Play] Give up to 1 rested DON!! card to your Leader or 1 of your Characters.[On Your Opponent's Attack] [Once Per Turn] You may trash 1 card from your hand: If your Leader has the {Land of Wano} or {Whitebeard Pirates} type, give up to 1 of your opponent's Leader or Character cards −2000 power during this turn.",,"[""EB01-002"", ""Izo""]","[""local-catalog"", ""official-cardlist"", ""community-cardlist"", ""local-corroboration"", ""onepiece-cardgame-dev""]",EB01-002,0,,,,,,,,0,,,0,{}
3,EB01-003,EB01,003,Memorial Collection,Kid & Killer,R,Red,Character,4,5000,-,Slash/Special,Supernova / Kid Pirates,,2,"[Rush] (This card can attack on the turn in which it is played.)[When Attacking] If your opponent has 2 or less Life cards, this Character gains +2000 power during this turn.",,"[""EB01-003"", ""Kid & Killer""]","[""local-catalog"", ""official-cardlist"", ""community-cardlist"", ""local-corroboration"", ""onepiece-cardgame-dev""]",EB01-003,1,premium_rarity,sp,,,,OP14,,0,,,1,{}
4,EB01-004,EB01,004,Memorial Collection,Koza,C,Red,Character,2,3000,1000,Ranged,Alabasta,,2,[When Attacking] You may give your 1 active Leader −5000 power during this turn: Give up to 1 of your opponent's Characters −3000 power during this turn.,,"[""EB01-004"", ""Koza""]","[""local-catalog"", ""official-cardlist"", ""community-cardlist"", ""local-corroboration"", ""onepiece-cardgame-dev""]",EB01-004,0,,,,,,,,0,,,0,{}
5,EB01-005,EB01,005,Memorial Collection,Doma,C,Red,Character,1,3000,1000,Slash,Whitebeard Pirates Allies,,2,-,,"[""Doma"", ""EB01-005""]","[""local-catalog"", ""official-cardlist"", ""community-cardlist"", ""local-corroboration"", ""onepiece-cardgame-dev""]",EB01-005,0,,,,,,,,0,,,0,{}
6,EB01-006,EB01,006,Memorial Collection,Tony Tony.Chopper,SR,Red,Character,3,4000,1000,Strike,Animal / Straw Hat Crew,,2,"[Blocker] (After your opponent declares an attack, you may rest this card to make it the new target of the attack.) [DON!! x2] [When Attacking] Give up to 1 of your opponent's Characters −3000 power during this turn.",,"[""EB01-006"", ""Tony Tony.Chopper""]","[""local-catalog"", ""official-cardlist"", ""community-cardlist"", ""local-corroboration"", ""onepiece-cardgame-dev""]",EB01-006,0,,,,,,,,0,,,0,{}
7,EB01-007,EB01,007,Memorial Collection,Yamato,C,Red,Character,5,5000,2000,Strike,Land of Wano,,2,[Activate: Main] [Once Per Turn] Give up to 1 rested DON!! card to your Leader or 1 of your Characters.,,"[""EB01-007"", ""Yamato""]","[""local-catalog"", ""official-cardlist"", ""community-cardlist"", ""local-corroboration"", ""onepiece-cardgame-dev""]",EB01-007,0,,,,,,,,0,,,0,{}
8,EB01-008,EB01,008,Memorial Collection,LittleOars Jr.,R,Red,Character,6,7000,1000,Strike,Giant / Whitebeard Pirates Allies,,2,"[Once Per Turn] If this Character would be K.O.'d by an effect, you may trash 1 Event or Stage card from your hand instead.",,"[""EB01-008"", ""LittleOars Jr.""]","[""local-catalog"", ""official-cardlist"", ""community-cardlist"", ""local-corroboration"", ""onepiece-cardgame-dev""]",EB01-008,0,,,,,,,,0,,,0,{}
9,EB01-009,EB01,009,Memorial Collection,Just Shut Up and Come with Us!!!!,C,Red,Event,1,-,-,-,Drum Kingdom / Straw Hat Crew,,2,"[Counter] Look at 5 cards from the top of your deck and play up to 1 {Animal} type Character card with a cost of 3 or less. Then, place the rest at the bottom of your deck in any order.",,"[""EB01-009"", ""Just Shut Up and Come with Us!!!!""]","[""local-catalog"", ""official-cardlist"", ""community-cardlist"", ""local-corroboration"", ""onepiece-cardgame-dev""]",EB01-009,0,,,,,,,,0,,,0,{}
10,EB01-010,EB01,010,Memorial Collection,There's No Way You Could Defeat Me!!,R,Red,Event,3,-,-,-,Water 7 / Straw Hat Crew,,2,[Counter] K.O. up to 1 of your opponent's Characters with 6000 base power or less.,[Trigger] K.O. up to 1 of your opponent's Characters with 5000 base power or less.,"[""EB01-010"", ""There's No Way You Could Defeat Me!!""]","[""local-catalog"", ""official-cardlist"", ""community-cardlist"", ""local-corroboration"", ""onepiece-cardgame-dev""]",EB01-010,0,,,,,,,,0,,,0,{}
11,EB01-011,EB01,011,Memorial Collection,Mini-Merry,C,Red,Stage,1,-,-,-,Straw Hat Crew,,2,[Activate: Main] You may rest this card and place 1 of your Characters with 1000 base power at the bottom of your deck: Draw 1 card.,,"[""EB01-011"", ""Mini-Merry""]","[""local-catalog"", ""official-cardlist"", ""community-cardlist"", ""local-corroboration"", ""onepiece-cardgame-dev""]",EB01-011,0,,,,,,,,0,,,0,{}
12,EB01-012,EB01,012,Memorial Collection,Cavendish,SR,Blue,Character,5,6000,1000,Slash,Supernovas / Beautiful Pirates,,2,"[On Play]/[When Attacking] If your Leader has the {Supernovas} type and you have no other [Cavendish] Characters, set up to 2 of your DON!! cards as active.",,"[""Cavendish"", ""EB01-012""]","[""local-catalog"", ""official-cardlist"", ""community-cardlist"", ""local-corroboration"", ""onepiece-cardgame-dev""]",EB01-012,0,,,,,,,,0,,,0,{}
13,EB01-013,EB01,013,Memorial Collection,Kouzuki Hiyori,R,Blue,Character,4,0,1000,Wisdom,Land of Wano / Kouzuki Clan,,2,"[Activate: Main] You may trash this Character: Play up to 1 {Land of Wano} type Character card with a cost of 5 or less other than [Kouzuki Hiyori] from your hand. Then, draw 1 card.",,"[""EB01-013"", ""Kouzuki Hiyori""]","[""local-catalog"", ""official-cardlist"", ""community-cardlist"", ""local-corroboration"", ""onepiece-cardgame-dev""]",EB01-013,0,,,,,,,,0,,,0,{}
14,EB01-014,EB01,014,Memorial Collection,Sanji,R,Blue,Character,4,5000,2000,Strike,FILM / Straw Hat Crew,,2,[DON!! x1] [Your Turn] This Character gains +1000 power for every 3 of your rested DON!! cards.,,"[""EB01-014"", ""Sanji""]","[""local-catalog"", ""official-cardlist"", ""community-cardlist"", ""local-corroboration"", ""onepiece-cardgame-dev""]",EB01-014,0,,,,,,,,0,,,0,{}
15,EB01-015,EB01,015,Memorial Collection,Scratchmen Apoo,R,Blue,Character,1,1000,2000,Special,Supernovas / On Air Pirates,,2,[On Play] Rest up to 1 of your opponent's Characters with a cost of 2 or less.,,"[""EB01-015"", ""Scratchmen Apoo""]","[""local-catalog"", ""official-cardlist"", ""community-cardlist"", ""local-corroboration"", ""onepiece-cardgame-dev""]",EB01-015,0,,,,,,,,0,,,0,{}
16,EB01-016,EB01,016,Memorial Collection,Bingoh,C,Blue,Character,1,0,1000,Wisdom,Land of Wano,,2,[Activate: Main] You may rest this Character: K.O. up to 1 of your opponent's rested Characters with a cost of 1 or less.,,"[""Bingoh"", ""EB01-016""]","[""local-catalog"", ""official-cardlist"", ""community-cardlist"", ""local-corroboration"", ""onepiece-cardgame-dev""]",EB01-016,0,,,,,,,,0,,,0,{}
17,EB01-017,EB01,017,Memorial Collection,Blueno,C,Blue,Character,2,2000,1000,Strike,FILM / CP0,,2,"[Blocker] (After your opponent declares an attack, you may rest this card to make it the new target of the attack.)",,"[""Blueno"", ""EB01-017""]","[""local-catalog"", ""official-cardlist"", ""community-cardlist"", ""local-corroboration"", ""onepiece-cardgame-dev""]",EB01-017,0,,,,,,,,0,,,0,{}
18,EB01-018,EB01,018,Memorial Collection,Mountain God,C,Blue,Character,5,7000,1000,Strike,Animal / Land of Wano,,2,-,,"[""EB01-018"", ""Mountain God""]","[""local-catalog"", ""official-cardlist"", ""community-cardlist"", ""local-corroboration"", ""onepiece-cardgame-dev""]",EB01-018,0,,,,,,,,0,,,0,{}
19,EB01-019,EB01,019,Memorial Collection,Off-White,R,Blue,Event,2,-,-,-,The Seven Warlords / Donquixote Pirates,,2,"[Counter] Up to 1 of your Leader or Character cards gains +4000 power during this battle. Then, look at 3 cards from the top of your deck; reveal up to 1 {Donquixote Pirates} type Character card and add it to your hand. Then, place the rest at the bottom of your deck in any order.",,"[""EB01-019"", ""Off-White""]","[""local-catalog"", ""official-cardlist"", ""community-cardlist"", ""local-corroboration"", ""onepiece-cardgame-dev""]",EB01-019,0,,,,,,,,0,,,0,{}
20,EB01-020,EB01,020,Memorial Collection,Chambres,C,Blue,Event,1,-,-,-,Supernovas / Heart Pirates,,2,"[Main] If your Leader has the {Supernovas} type, return 1 of your Characters to the owner's hand, and play up to 1 Character card with a cost of 2 or less from your hand that is a different color than the returned Character.",[Trigger] Activate this card's [Main] effect.,"[""Chambres"", ""EB01-020""]","[""local-catalog"", ""official-cardlist"", ""community-cardlist"", ""local-corroboration"", ""onepiece-cardgame-dev""]",EB01-020,0,,,,,,,,0,,,0,{}
21,EB01-021,EB01,021,Memorial Collection,Hannyabal,L,Purple,Leader,4,5000,-,Slash,Impel Down,4,2,[End of Your Turn] You may return 1 of your {Impel Down} type Characters with a cost of 2 or more to the owner's hand: Add up to 1 DON!! card from your DON!! deck and set it as active.,,"[""EB01-021"", ""Hannyabal""]","[""local-catalog"", ""official-cardlist"", ""community-cardlist"", ""local-corroboration"", ""onepiece-cardgame-dev""]",EB01-021,0,,,,,,,,0,,,0,{}
22,EB01-022,EB01,022,Memorial Collection,Inazuma,SR,Green,Character,6,7000,1000,Slash,Impel Down / Revolutionary Army,,2,"[End of Your Turn] If you have 2 or less cards in your hand, draw 2 cards.",,"[""EB01-022"", ""Inazuma""]","[""local-catalog"", ""official-cardlist"", ""community-cardlist"", ""local-corroboration"", ""onepiece-cardgame-dev""]",EB01-022,0,,,,,,,,0,,,0,{}
23,EB01-023,EB01,023,Memorial Collection,Edward Weevil,R,Green,Character,4,6000,-,Slash,Seven Warlords of the Sea,,2,[On Play] Draw 1 card.,,"[""EB01-023"", ""Edward Weevil""]","[""local-catalog"", ""official-cardlist"", ""onepiece-cardgame-dev"", ""local-corroboration""]",EB01-023,1,premium_rarity,sp,,,,EB01,,0,,,1,{}
24,EB01-024,EB01,024,Memorial Collection,Hamlet,C,Green,Character,3,4000,1000,Slash,Animal Kingdom Pirates / SMILE,,2,"If you have 4 or less cards in your hand, all of your {SMILE} type Characters gain +1000 power.",,"[""EB01-024"", ""Hamlet""]","[""local-catalog"", ""official-cardlist"", ""onepiece-cardgame-dev"", ""local-corroboration""]",EB01-024,0,,,,,,,,0,,,0,{}
25,EB01-025,EB01,025,Memorial Collection,Fourtricks,C,Green,Character,3,5000,1000,Slash,Animal Kingdom Pirates / SMILE,,2,-,,"[""EB01-025"", ""Fourtricks""]","[""local-catalog"", ""official-cardlist"", ""onepiece-cardgame-dev"", ""local-corroboration""]",EB01-025,0,,,,,,,,0,,,0,{}
26,EB01-026,EB01,026,Memorial Collection,Prince Bellett,C,Green,Character,2,2000,2000,Ranged,Impel Down,,2,"[DON!! x1] [When Attacking] If you have 1 or less cards in your hand, return up to 1 Character with a cost of 3 or less to the owner's hand.",,"[""EB01-026"", ""Prince Bellett""]","[""local-catalog"", ""official-cardlist"", ""onepiece-cardgame-dev"", ""local-corroboration""]",EB01-026,0,,,,,,,,0,,,0,{}
27,EB01-027,EB01,027,Memorial Collection,Mr.1(Daz.Bonez),R,Green,Character,5,6000,1000,Slash,Baroque Works,,2,"If your Leader's type includes ""Baroque Works"", this Character gains +1000 power for every 2 Events in your trash. [On Play] Draw 2 cards and trash 1 card from your hand.",,"[""EB01-027"", ""Mr.1(Daz.Bonez)""]","[""local-catalog"", ""official-cardlist"", ""onepiece-cardgame-dev"", ""local-corroboration""]",EB01-027,0,,,,,,,,0,,,0,{}
28,EB01-028,EB01,028,Memorial Collection,Gum-Gum Champion Rifle,R,Green,Event,1,-,-,-,Straw Hat Crew / Impel Down,,2,"[Counter] If your Leader has the {Impel Down} type, up to 1 of your Leader or Character cards gains +2000 power during this battle. Then, your opponent returns 1 of their active Characters to the owner's hand.",[Trigger] Return up to 1 Character with a cost of 3 or less to the bottom of the owner's deck.,"[""EB01-028"", ""Gum-Gum Champion Rifle""]","[""local-catalog"", ""official-cardlist"", ""onepiece-cardgame-dev"", ""local-corroboration""]",EB01-028,0,,,,,,,,0,,,0,{}
29,EB01-029,EB01,029,Memorial Collection,Sorry. I'm a Goner.,C,Green,Event,1,-,-,-,East Blue / Straw Hat Crew,,2,"[Counter] Reveal 1 card from the top of your deck. If the revealed card has a cost of 4 or more, return up to 1 of your Characters to the owner's hand. Then, place the revealed card at the bottom of your deck.",[Trigger] Return up to 1 Character with a cost of 8 or less to the owner's hand.,"[""EB01-029"", ""Sorry. I'm a Goner.""]","[""local-catalog"", ""official-cardlist"", ""onepiece-cardgame-dev"", ""local-corroboration""]",EB01-029,0,,,,,,,,0,,,0,{}
30,EB01-030,EB01,030,Memorial Collection,Loguetown,C,Green,Stage,2,-,-,-,East Blue,,2,[Activate: Main] You may place this card and 1 card from your hand at the bottom of your deck in any order: Draw 2 cards.,[Trigger] Play this card.,"[""EB01-030"", ""Loguetown""]","[""local-catalog"", ""official-cardlist"", ""onepiece-cardgame-dev"", ""local-corroboration""]",EB01-030,0,,,,,,,,0,,,0,{}
31,EB01-031,EB01,031,Memorial Collection,Kalifa,R,Purple,Character,5,5000,1000,Wisdom,Water 7 / Galley-la Company,,2,"[On Play] DON!! −1 (You may return the specified number of DON!! cards from your field to your DON!! deck.): If your Leader has the {Water Seven} type, add up to 2 Character cards with a cost of 4 or less from your trash to your hand.",,"[""EB01-031"", ""Kalifa""]","[""local-catalog"", ""official-cardlist"", ""onepiece-cardgame-dev"", ""local-corroboration""]",EB01-031,0,,,,,,,,0,,,0,{}
32,EB01-032,EB01,032,Memorial Collection,Army Wolves,C,Purple,Character,5,7000,1000,Strike,Animal / Impel Down,,2,-,,"[""Army Wolves"", ""EB01-032""]","[""local-catalog"", ""official-cardlist"", ""onepiece-cardgame-dev"", ""local-corroboration""]",EB01-032,0,,,,,,,,0,,,0,{}
33,EB01-033,EB01,033,Memorial Collection,Blueno,R,Purple,Character,4,5000,1000,Strike,Water 7,,2,"[On Play] DON!! −1 (You may return the specified number of DON!! cards from your field to your DON!! deck.): If your Leader has the {Water Seven} type, play up to 1 {Water Seven} type Character card with a cost of 5 other than [Blueno] from your hand or trash.",,"[""Blueno"", ""EB01-033""]","[""local-catalog"", ""official-cardlist"", ""onepiece-cardgame-dev"", ""local-corroboration""]",EB01-033,0,,,,,,,,0,,,0,{}
34,EB01-034,EB01,034,Memorial Collection,Ms. Wednesday,SR,Purple,Character,3,4000,1000,Slash,Baroque Works,,2,"[Blocker] (After your opponent declares an attack, you may rest this card to make it the new target of the attack.) [On Your Opponent's Attack] [Once Per Turn] DON!! −1 (You may return the specified number of DON!! cards from your field to your DON!! deck.): If your Leader's type includes ""Baroque Works"", add up to 1 DON!! card from your DON!! deck and set it as active.",,"[""EB01-034"", ""Ms. Wednesday""]","[""local-catalog"", ""official-cardlist"", ""onepiece-cardgame-dev"", ""local-corroboration""]",EB01-034,0,,,,,,,,0,,,0,{}
35,EB01-035,EB01,035,Memorial Collection,Ms. Monday,C,Purple,Character,3,5000,-,Strike,Baroque Works,,2,"[On Play] If your Leader's type includes ""Baroque Works"", up to 1 of your Leader or Character cards gains +1000 power during this turn.",[Trigger] DON!! −1 (You may return the specified number of DON!! cards from your field to your DON!! deck.): Play this card.,"[""EB01-035"", ""Ms. Monday""]","[""local-catalog"", ""official-cardlist"", ""onepiece-cardgame-dev"", ""local-corroboration""]",EB01-035,0,,,,,,,,0,,,0,{}
36,EB01-036,EB01,036,Memorial Collection,Minochihuahua,C,Purple,Character,4,5000,-,Strike,Impel Down / Jailer Beast,,2,"[Rush] (This card can attack on the turn in which it is played.) [On K.O.] If your Leader has the {Impel Down} type, add up to 1 DON!! card from your DON!! deck and rest it.",,"[""EB01-036"", ""Minochihuahua""]","[""local-catalog"", ""official-cardlist"", ""onepiece-cardgame-dev"", ""local-corroboration""]",EB01-036,0,,,,,,,,0,,,0,{}
37,EB01-037,EB01,037,Memorial Collection,Mr. 9,C,Purple,Character,3,4000,1000,Strike,Baroque Works,,2,[On Your Opponent's Attack] [Once Per Turn] DON!! −1 (You may return the specified number of DON!! cards from your field to your DON!! deck.): K.O. up to 1 of your opponent's Characters with a cost of 2 or less.,,"[""EB01-037"", ""Mr. 9""]","[""local-catalog"", ""official-cardlist"", ""onepiece-cardgame-dev"", ""local-corroboration""]",EB01-037,0,,,,,,,,0,,,0,{}
38,EB01-038,EB01,038,Memorial Collection,Oh Come My Way,C,Purple,Event,1,-,-,-,Baroque Works,,2,"[Counter] DON!! −1 (You may return the specified number of DON!! cards from your field to your DON!! deck.): If your Leader's type includes ""Baroque Works"", select 1 of your Characters. Change the attack target to the selected Character.",[Trigger] DON!! −1: Draw 2 cards.,"[""EB01-038"", ""Oh Come My Way""]","[""local-catalog"", ""official-cardlist"", ""onepiece-cardgame-dev"", ""local-corroboration""]",EB01-038,0,,,,,,,,0,,,0,{}
39,EB01-039,EB01,039,Memorial Collection,Conquerer of Three Worlds Ragnaraku,R,Purple,Event,5,-,-,-,The Four Emperors / Animal Kingdom Pirates,,2,[Main] DON!! −1 (You may return the specified number of DON!! cards from your field to your DON!! deck.): K.O. up to 1 of your opponent's Characters with a cost of 8 or less.,[Trigger] Add up to 1 DON!! card from your DON!! deck and set it as active.,"[""Conquerer of Three Worlds Ragnaraku"", ""EB01-039""]","[""local-catalog"", ""official-cardlist"", ""onepiece-cardgame-dev"", ""local-corroboration""]",EB01-039,0,,,,,,,,0,,,0,{}
40,EB01-040,EB01,040,Memorial Collection,Kyros,L,Purple,Leader,1,5000,-,Slash,Dressrosa,4,2,[Activate: Main] [Once Per Turn] You may turn 1 card from the top of your Life cards face-up: K.O. up to 1 of your opponent's Characters with a cost of 0.,,"[""EB01-040"", ""Kyros""]","[""local-catalog"", ""official-cardlist"", ""onepiece-cardgame-dev"", ""local-corroboration""]",EB01-040,0,,,,,,,,0,,,0,{}
41,EB01-041,EB01,041,Memorial Collection,Crocus,C,Black,Character,6,8000,1000,Wisdom,Former Roger Pirates,,2,-,,"[""Crocus"", ""EB01-041""]","[""local-catalog"", ""official-cardlist"", ""onepiece-cardgame-dev"", ""local-corroboration""]",EB01-041,0,,,,,,,,0,,,0,{}
42,EB01-042,EB01,042,Memorial Collection,Scarlet,R,Black,Character,2,0,1000,Wisdom,Dressrosa,,2,"[Activate: Main] You may trash this Character: Play up to 1 {Dressrosa} type Character card with a cost of 3 or less other than [Scarlet] from your hand rested. Then, give up to 1 of your opponent's Characters −2 cost during this turn.",,"[""EB01-042"", ""Scarlet""]","[""local-catalog"", ""official-cardlist"", ""onepiece-cardgame-dev"", ""local-corroboration""]",EB01-042,0,,,,,,,,0,,,0,{}
43,EB01-043,EB01,043,Memorial Collection,Spandine,R,Black,Character,3,2000,1000,Wisdom,CP9,,2,"[On Play] You may place 3 cards with a type including ""CP"" from your trash at the bottom of your deck in any order: Play up to 1 Character card with a type including ""CP"" and a cost of 4 or less other than [Spandine] from your trash rested.",,"[""EB01-043"", ""Spandine""]","[""local-catalog"", ""official-cardlist"", ""onepiece-cardgame-dev"", ""local-corroboration""]",EB01-043,0,,,,,,,,0,,,0,{}
44,EB01-044,EB01,044,Memorial Collection,Funkfreed,C,Black,Character,1,1000,1000,Slash,CP9,,2,[Activate: Main] You may rest this Character: Up to 1 of your [Spandam] Characters gains +3000 power during this turn.,,"[""EB01-044"", ""Funkfreed""]","[""local-catalog"", ""official-cardlist"", ""onepiece-cardgame-dev"", ""local-corroboration""]",EB01-044,0,,,,,,,,0,,,0,{}
45,EB01-045,EB01,045,Memorial Collection,Brook,C,Black,Character,3,4000,1000,Slash,Rumbar Pirates,,2,"[On Play] If your opponent has a Character with a cost of 0, this Character gains [Rush] during this turn. (This card can attack on the turn in which it is played.)",,"[""Brook"", ""EB01-045""]","[""local-catalog"", ""official-cardlist"", ""onepiece-cardgame-dev"", ""local-corroboration""]",EB01-045,0,,,,,,,,0,,,0,{}
46,EB01-046,EB01,046,Memorial Collection,Brook,SR,Black,Character,3,4000,1000,Slash,Straw Hat Crew,,2,"[On Play]/[When Attacking] Give up to 1 of your opponent's Characters −1 cost during this turn. Then, K.O. up to 1 of your opponent's Characters with a cost of 0.",,"[""Brook"", ""EB01-046""]","[""local-catalog"", ""official-cardlist"", ""onepiece-cardgame-dev"", ""local-corroboration""]",EB01-046,0,,,,,,,,0,,,0,{}
47,EB01-047,EB01,047,Memorial Collection,Laboon,C,Black,Character,2,4000,-,Strike,Animal,,2,"[Once Per Turn] When a Character is K.O.'d, draw 1 card and trash 1 card from your hand.",,"[""EB01-047"", ""Laboon""]","[""local-catalog"", ""official-cardlist"", ""onepiece-cardgame-dev"", ""local-corroboration""]",EB01-047,0,,,,,,,,0,,,0,{}
48,EB01-048,EB01,048,Memorial Collection,Laboon,SR,Black,Character,4,5000,1000,Strike,Animal,,2,[Activate: Main] You may rest this Character: Give up to 1 of your opponent's Characters −4 cost during this turn.,,"[""EB01-048"", ""Laboon""]","[""local-catalog"", ""official-cardlist"", ""onepiece-cardgame-dev"", ""local-corroboration""]",EB01-048,0,,,,,,,,0,,,0,{}
49,EB01-049,EB01,049,Memorial Collection,T-Bone,R,Black,Character,5,5000,2000,Slash,Water 7 / Navy,,2,[On Play] K.O. up to 1 of your opponent's Characters with a cost of 2 or less.,,"[""EB01-049"", ""T-Bone""]","[""local-catalog"", ""official-cardlist"", ""onepiece-cardgame-dev"", ""local-corroboration""]",EB01-049,0,,,,,,,,0,,,0,{}
50,EB01-050,EB01,050,Memorial Collection,...I Want to Live!!,C,Black,Event,3,-,-,-,Straw Hat Crew,,2,"[Counter] If you have 30 or more cards in your trash, add up to 1 card from the top of your deck to the top of your Life cards.",,"[""...I Want to Live!!"", ""EB01-050""]","[""local-catalog"", ""official-cardlist"", ""onepiece-cardgame-dev"", ""local-corroboration""]",EB01-050,0,,,,,,,,0,,,0,{}
51,EB01-051,EB01,051,Memorial Collection,Finger Pistol,R,Black,Event,4,-,-,-,CP9,,2,[Main] You may trash 2 cards from the top of your deck: K.O. up to 1 of your opponent's Characters with a cost of 5 or less.,[Trigger] Activate this card's [Main] effect.,"[""EB01-051"", ""Finger Pistol""]","[""local-catalog"", ""official-cardlist"", ""onepiece-cardgame-dev"", ""local-corroboration""]",EB01-051,0,,,,,,,,0,,,0,{}
52,EB01-052,EB01,052,Memorial Collection,Viola,SR,Yellow,Character,2,0,1000,Special,Dressrosa,,2,"[Blocker] (After your opponent declares an attack, you may rest this card to make it the new target of the attack.) [On Play] Choose one: • Look at all of your opponent's Life cards and place them back in their Life area in any order. • Turn all of your Life cards face-down.",,"[""EB01-052"", ""Viola""]","[""local-catalog"", ""official-cardlist"", ""onepiece-cardgame-dev"", ""local-corroboration""]",EB01-052,0,,,,,,,,0,,,0,{}
53,EB01-053,EB01,053,Memorial Collection,Gastino,C,Yellow,Character,3,5000,-,Special,Scientist,,2,[On Play] Place up to 1 of your opponent's Characters with a cost of 3 or less at the top or bottom of your opponent's Life cards face-up.,[Trigger] Give up to a total of 2 of your opponent's Leader or Character cards −3000 power during this turn.,"[""EB01-053"", ""Gastino""]","[""local-catalog"", ""official-cardlist"", ""onepiece-cardgame-dev"", ""local-corroboration""]",EB01-053,0,,,,,,,,0,,,0,{}
54,EB01-054,EB01,054,Memorial Collection,Gan.Fall,R,Yellow,Character,3,4000,1000,Slash,Dressrosa,,2,"[Blocker] (After your opponent declares an attack, you may rest this card to make it the new target of the attack.) [On Play] If your opponent has 1 or less Life cards, K.O. up to 1 of your opponent's Characters with a cost of 3 or less.",,"[""EB01-054"", ""Gan.Fall""]","[""local-catalog"", ""official-cardlist"", ""onepiece-cardgame-dev"", ""local-corroboration""]",EB01-054,0,,,,,,,,0,,,0,{}
55,EB01-055,EB01,055,Memorial Collection,Charlotte Compote,C,Yellow,Character,7,9000,1000,Wisdom,Big Mom Pirates,,2,-,,"[""Charlotte Compote"", ""EB01-055""]","[""local-catalog"", ""official-cardlist"", ""onepiece-cardgame-dev"", ""local-corroboration""]",EB01-055,0,,,,,,,,0,,,0,{}
56,EB01-056,EB01,056,Memorial Collection,Charlotte Flampe,R,Yellow,Character,1,1000,2000,Special,Big Mom Pirates,,2,[On Play] You may add 1 card from the top or bottom of your Life cards to your hand: Draw 1 card.,,"[""Charlotte Flampe"", ""EB01-056""]","[""local-catalog"", ""official-cardlist"", ""onepiece-cardgame-dev"", ""local-corroboration""]",EB01-056,0,,,,,,,,0,,,0,{}
57,EB01-057,EB01,057,Memorial Collection,Shirahoshi,SR,Yellow,Character,2,0,1000,Wisdom,Merfolk,,2,"When this Character is K.O.'d by your opponent's effect, add up to 1 card from the top of your deck to the top of your Life cards. [Blocker] (After your opponent declares an attack, you may rest this card to make it the new target of the attack.)",,"[""EB01-057"", ""Shirahoshi""]","[""local-catalog"", ""official-cardlist"", ""onepiece-cardgame-dev"", ""local-corroboration""]",EB01-057,1,premium_rarity,sp,,,,EB01,,0,,,1,{}
58,EB01-058,EB01,058,Memorial Collection,Mont Blanc Cricket,C,Yellow,Character,2,3000,1000,Strike,Monkey Mountain Alliance,,2,"[DON!! x1] [Your Turn] If you have 2 or less Life cards, this Character gains +2000 power.",,"[""EB01-058"", ""Mont Blanc Cricket""]","[""local-catalog"", ""official-cardlist"", ""onepiece-cardgame-dev"", ""local-corroboration""]",EB01-058,0,,,,,,,,0,,,0,{}
59,EB01-059,EB01,059,Memorial Collection,Kingdom Come,R,Yellow,Event,6,-,-,-,Sky Island,,2,"[Main] K.O. up to 1 of your opponent's Characters. Then, trash cards from the top of your Life cards until you have 1 Life card.",[Trigger] K.O. up to 1 of your opponent's Characters with a cost equal to or less than the total of your and your opponent's Life cards.,"[""EB01-059"", ""Kingdom Come""]","[""local-catalog"", ""official-cardlist"", ""onepiece-cardgame-dev"", ""official-restriction-notices"", ""optcg-api"", ""local-corroboration""]",EB01-059,0,,,,,,,,0,,,0,{}
60,EB01-060,EB01,060,Memorial Collection,Did Someone Say...Kami?,C,Yellow,Event,4,-,-,-,Sky Island,,2,"[Main] Play up to 1 [Enel] with a cost of 7 or less from your hand or trash. Then, trash cards from the top of your Life cards until you have 1 Life card.",[Trigger] Draw 2 cards and trash 1 card from your hand.,"[""Did Someone Say...Kami?"", ""EB01-060""]","[""local-catalog"", ""official-cardlist"", ""onepiece-cardgame-dev"", ""local-corroboration""]",EB01-060,0,,,,,,,,0,,,0,{}
61,EB01-061,EB01,061,Memorial Collection,Mr.2.Bon.Kurei(Bentham),SEC,Purple,Character,4,1000,1000,Special,Former Baroque Works,,2,[On Play] Add up to 1 DON!! card from your DON!! deck and set it as active. [When Attacking] Select up to 1 of your opponent's Characters. This Character's base power becomes the same as the selected Character's power during this turn.,,"[""EB01-061"", ""Mr.2.Bon.Kurei(Bentham)""]","[""local-catalog"", ""official-cardlist"", ""onepiece-cardgame-dev"", ""local-corroboration""]",EB01-061,0,,,,,,,,0,,,0,{}
62,EB02-001,EB02,001,Anime 25th Collection,Karoo,C,Red,Character,5,7000,1000,Strike,Animal/Alabasta,,3,-,,"[""EB02-001"", ""Karoo""]","[""local-catalog"", ""official-cardlist""]",EB02-001,0,,,,,,,,0,,,0,{}
63,EB02-002,EB02,002,Anime 25th Collection,Sabo,R,Red,Character,4,5000,2000,Special,Dressrosa/Revolutionary Army,,3,[Activate: Main] You may rest this Character: Up to 1 of your {Revolutionary Army} type Characters other than [Sabo] gains +2000 power during this turn.,,"[""EB02-002"", ""Sabo""]","[""local-catalog"", ""official-cardlist""]",EB02-002,0,,,,,,,,0,,,0,{}
64,EB02-003,EB02,003,Anime 25th Collection,Tony Tony.Chopper,R,Red,Character,3,3000,1000,Strike,Animal/Drum Kingdom/Straw Hat Crew,,3,"[DON!! x2] [Opponent's Turn] This Character gains +2000 power. [On Play] If your Leader has the {Straw Hat Crew} type, give up to 1 rested DON!! card to your Leader or 1 of your Characters.",,"[""EB02-003"", ""Tony Tony.Chopper""]","[""local-catalog"", ""official-cardlist""]",EB02-003,0,,,,,,,,0,,,0,{}
65,EB02-004,EB02,004,Anime 25th Collection,Don Accino,C,Red,Character,8,10000,1000,Special,Accino Family,,3,-,,"[""Don Accino"", ""EB02-004""]","[""local-catalog"", ""official-cardlist""]",EB02-004,0,,,,,,,,0,,,0,{}
66,EB02-005,EB02,005,Anime 25th Collection,Fake Straw Hat Crew,C,Red,Character,2,3000,-,Ranged,Fake Straw Hat Crew,,3,[Your Turn] This Character gains +2000 power. [Opponent's Turn] Give this Character −2000 power.,,"[""EB02-005"", ""Fake Straw Hat Crew""]","[""local-catalog"", ""official-cardlist""]",EB02-005,0,,,,,,,,0,,,0,{}
67,EB02-006,EB02,006,Anime 25th Collection,Yamato,SR,Red,Character,6,7000,-,Strike,Land of Wano,,3,"[Activate: Main] [Once Per Turn] If your Leader has the {Land of Wano} type or is [Portgas.D.Ace], give up to 1 rested DON!! card to 1 of your Leader. Then, this Character gains [Rush] during this turn.",,"[""EB02-006"", ""Yamato""]","[""local-catalog"", ""official-cardlist""]",EB02-006,0,,,,,,,,0,,,0,{}
68,EB02-007,EB02,007,Anime 25th Collection,Cloven Rose Blizzard,C,Red,Event,3,-,-,-,Animal/Water Seven/Straw Hat Crew,,3,"[Main] Up to a total of 3 of your Leader and Character cards gain +1000 power during this turn. Then, K.O. up to 1 of your opponent's Characters with 3000 power or less.",[Trigger] K.O. up to 1 of your opponent's Characters with 4000 power or less.,"[""Cloven Rose Blizzard"", ""EB02-007""]","[""local-catalog"", ""official-cardlist""]",EB02-007,0,,,,,,,,0,,,0,{}
69,EB02-008,EB02,008,Anime 25th Collection,The Peak,R,Red,Event,2,-,-,-,Music,,3,"[Main] Look at 4 cards from the top of your deck; reveal up to 1 card with a cost of 4 or more and add it to your hand. Then, place the rest at the bottom of your deck in any order.",[Trigger] Activate this card's [Main] effect.,"[""EB02-008"", ""The Peak""]","[""local-catalog"", ""official-cardlist""]",EB02-008,0,,,,,,,,0,,,0,{}
70,EB02-009,EB02,009,Anime 25th Collection,Thousand Sunny,C,Red,Stage,2,-,-,-,Straw Hat Crew,,3,[Activate: Main] You may rest this Stage: Give up to 1 of your currently given DON!! cards to 1 of your {Straw Hat Crew} type Characters.,,"[""EB02-009"", ""Thousand Sunny""]","[""local-catalog"", ""official-cardlist""]",EB02-009,0,,,,,,,,0,,,0,{}
71,EB02-010,EB02,010,Anime 25th Collection,Monkey.D.Luffy,L,Green/Purple,Leader,4,5000,-,Strike,Straw Hat Crew,,3,"[Activate: Main] [Once Per Turn] DON!! −2: If the only Characters on your field are {Straw Hat Crew} type Characters, set up to 2 of your DON!! cards as active. Then, this Leader gains +1000 power until the end of your opponent's next turn.",,"[""EB02-010"", ""Monkey.D.Luffy""]","[""local-catalog"", ""official-cardlist""]",EB02-010,0,,,,,,,,0,,,0,{}
72,EB02-011,EB02,011,Anime 25th Collection,Arlong,SR,Green,Character,3,4000,1000,Slash,Fish-Man/East Blue/Arlong Pirates,,3,"[On Play] If your Leader has the {Fish-Man} or {East Blue} type, give up to 1 rested DON!! card to 1 of your Leader. Then, up to 1 of your opponent's Characters with a cost of 5 or less cannot be rested until the end of your opponent's next turn.",,"[""Arlong"", ""EB02-011""]","[""local-catalog"", ""official-cardlist""]",EB02-011,0,,,,,,,,0,,,0,{}
73,EB02-012,EB02,012,Anime 25th Collection,Gaimon,C,Green,Character,1,1000,1000,Wisdom,East Blue,,3,"If you have a [Sarfunkel], this Character gains [Blocker].",,"[""EB02-012"", ""Gaimon""]","[""local-catalog"", ""official-cardlist""]",EB02-012,0,,,,,,,,0,,,0,{}
74,EB02-013,EB02,013,Anime 25th Collection,Carrot,C,Green,Character,1,-,2000,Special,Minks,,3,"[On Play] If you have 3 or more DON!! cards on your field, look at 7 cards from the top of your deck; reveal up to 1 [Zou] and add it to your hand. Then, place the rest at the bottom of your deck in any order and play up to 1 [Zou] from your hand.",,"[""Carrot"", ""EB02-013""]","[""local-catalog"", ""official-cardlist""]",EB02-013,0,,,,,,,,0,,,0,{}
75,EB02-014,EB02,014,Anime 25th Collection,Sarfunkel,C,Green,Character,2,-,1000,Wisdom,East Blue,,3,[On Play] Play up to 1 [Gaimon] from your hand.,,"[""EB02-014"", ""Sarfunkel""]","[""local-catalog"", ""official-cardlist""]",EB02-014,0,,,,,,,,0,,,0,{}
76,EB02-015,EB02,015,Anime 25th Collection,Jewelry Bonney,SR,Green,Character,7,7000,1000,Special,Supernovas/Bonney Pirates,,3,"[On Play] Up to 1 of your opponent's rested Characters will not become active in your opponent's next Refresh Phase. Then, set up to 1 of your DON!! cards as active at the end of this turn.",,"[""EB02-015"", ""Jewelry Bonney""]","[""local-catalog"", ""official-cardlist""]",EB02-015,0,,,,,,,,0,,,0,{}
77,EB02-016,EB02,016,Anime 25th Collection,Chopperman,C,Green,Character,5,6000,1000,Strike,Animal/Straw Hat Crew,,3,Also treat this card's name as [Tony Tony.Chopper] according to the rules. [On Play] Play up to 1 {Animal} type Character card with a cost of 3 or less from your hand.,,"[""Chopperman"", ""EB02-016""]","[""local-catalog"", ""official-cardlist""]",EB02-016,0,,,,,,,,0,,,0,{}
78,EB02-017,EB02,017,Anime 25th Collection,Nami,R,Green,Character,1,2000,1000,Wisdom,East Blue/Straw Hat Crew,,3,"[On Play] Look at 5 cards from the top of your deck; reveal up to 1 {Straw Hat Crew} type card other than [Nami] and add it to your hand. Then, place the rest at the bottom of your deck in any order.",,"[""EB02-017"", ""Nami""]","[""local-catalog"", ""official-cardlist""]",EB02-017,0,,,,,,,,0,,,0,{}
79,EB02-018,EB02,018,Anime 25th Collection,Buggy,R,Green,Character,4,6000,-,Slash,East Blue/Buggy Pirates,,3,"[On Play] If you have no other [Buggy] Characters, up to 1 of your Leader gains [Double Attack] during this turn.",[Trigger] Rest up to 1 of your opponent's Characters with a cost of 4 or less.,"[""Buggy"", ""EB02-018""]","[""local-catalog"", ""official-cardlist""]",EB02-018,0,,,,,,,,0,,,0,{}
80,EB02-019,EB02,019,Anime 25th Collection,Roronoa Zoro,R,Green,Character,4,5000,1000,Slash,East Blue/Straw Hat Crew,,3,"If your opponent has 2 or more Characters, this Character can attack Characters on the turn in which it is played. [On Play] If your Leader has the {Straw Hat Crew} type, rest up to 1 of your opponent's Characters with a cost of 4 or less.",,"[""EB02-019"", ""Roronoa Zoro""]","[""local-catalog"", ""official-cardlist""]",EB02-019,0,,,,,,,,0,,,0,{}
81,EB02-020,EB02,020,Anime 25th Collection,We Are!,R,Green,Event,2,-,-,-,Music,,3,"[Main] Look at 4 cards from the top of your deck; reveal up to 1 card with a cost of 4 or more and add it to your hand. Then, place the rest at the bottom of your deck in any order.",[Trigger] Activate this card's [Main] effect.,"[""EB02-020"", ""We Are!""]","[""local-catalog"", ""official-cardlist""]",EB02-020,0,,,,,,,,0,,,0,{}
82,EB02-021,EB02,021,Anime 25th Collection,Gum-Gum Giant Pistol,C,Green,Event,3,-,-,-,Water Seven/Straw Hat Crew,,3,"[Main] Up to 1 of your {Straw Hat Crew} type Characters gains +6000 power during this turn. Then, the selected Character will not become active in your next Refresh Phase.",[Trigger] Rest up to 1 of your opponent's Characters with a cost of 4 or less.,"[""EB02-021"", ""Gum-Gum Giant Pistol""]","[""local-catalog"", ""official-cardlist""]",EB02-021,0,,,,,,,,0,,,0,{}
83,EB02-022,EB02,022,Anime 25th Collection,Usopp,R,Blue,Character,4,5000,1000,Ranged,East Blue/Straw Hat Crew,,3,"[On Play] If you have 2 or less Characters with 5000 power or more, play up to 1 Character card with 6000 power or less and no base effect from your hand.",,"[""EB02-022"", ""Usopp""]","[""local-catalog"", ""official-cardlist""]",EB02-022,0,,,,,,,,0,,,0,{}
84,EB02-023,EB02,023,Anime 25th Collection,Crocodile,C,Blue,Character,4,5000,1000,Special,The Seven Warlords of the Sea/Baroque Works,,3,"[Your Turn] [Once Per Turn] When your opponent's Character is returned to the owner's hand by your effect, look at 3 cards from the top of your deck and place them at the top or bottom of the deck in any order.",,"[""Crocodile"", ""EB02-023""]","[""local-catalog"", ""official-cardlist""]",EB02-023,0,,,,,,,,0,,,0,{}
85,EB02-024,EB02,024,Anime 25th Collection,Sogeking,C,Blue,Character,4,5000,1000,Ranged,Sniper Island,,3,"Also treat this card's name as [Usopp] according to the rules. [On Play] Draw 2 cards and place 2 cards from your hand at the bottom of your deck in any order. Then, return up to 1 Character with a cost of 1 or less to the owner's hand.",,"[""EB02-024"", ""Sogeking""]","[""local-catalog"", ""official-cardlist""]",EB02-024,0,,,,,,,,0,,,0,{}
86,EB02-025,EB02,025,Anime 25th Collection,Donquixote Rosinante,R,Blue,Character,2,3000,1000,Special,Navy/Donquixote Pirates,,3,"[Activate: Main] You may rest 1 of your DON!! cards and this Character: If your Leader is [Donquixote Rosinante], look at 5 cards from the top of your deck; play up to 1 Character card with a cost of 2 or less rested. Then, place the rest at the bottom of your deck in any order.",,"[""Donquixote Rosinante"", ""EB02-025""]","[""local-catalog"", ""official-cardlist""]",EB02-025,0,,,,,,,,0,,,0,{}
87,EB02-026,EB02,026,Anime 25th Collection,Nefeltari Vivi,SR,Blue,Character,3,2000,1000,Slash,Alabasta,,3,"[On Play] If your Leader is multicolored and you have 5 or less cards in your hand, draw 2 cards.",,"[""EB02-026"", ""Nefeltari Vivi""]","[""local-catalog"", ""official-cardlist""]",EB02-026,0,,,,,,,,0,,,0,{}
88,EB02-027,EB02,027,Anime 25th Collection,Vista,C,Blue,Character,4,5000,1000,Slash,Whitebeard Pirates,,3,[On Play] Place up to 1 of your opponent's Characters with 1000 power or less at the bottom of the owner's deck.,,"[""EB02-027"", ""Vista""]","[""local-catalog"", ""official-cardlist""]",EB02-027,0,,,,,,,,0,,,0,{}
89,EB02-028,EB02,028,Anime 25th Collection,Portgas.D.Ace,R,Blue,Character,5,5000,1000,Special,Alabasta/Whitebeard Pirates,,3,"[On Play] If your Leader's type includes ""Whitebeard Pirates"", look at 5 cards from the top of your deck; reveal up to 1 Character card with a cost of 2 and add it to your hand. Then, place the rest at the bottom of your deck in any order and play up to 1 Character card with a cost of 2 from your hand rested.",,"[""EB02-028"", ""Portgas.D.Ace""]","[""local-catalog"", ""official-cardlist""]",EB02-028,1,premium_rarity,sp,,,,OP13,,0,,,1,{}
90,EB02-029,EB02,029,Anime 25th Collection,Grandpa Ryu,C,Blue,Character,3,5000,1000,Wisdom,Animal/East Blue,,3,-,,"[""EB02-029"", ""Grandpa Ryu""]","[""local-catalog"", ""official-cardlist""]",EB02-029,0,,,,,,,,0,,,0,{}
91,EB02-030,EB02,030,Anime 25th Collection,And That's When Somebody Makes Fun of Their Friend's Dream!!!!,C,Blue,Event,2,-,-,-,Alabasta/Straw Hat Crew,,3,"[Counter] If any of your Characters would be K.O.'d in battle during this turn, you may trash 1 card from your hand instead.",[Trigger] Draw 1 card.,"[""And That's When Somebody Makes Fun of Their Friend's Dream!!!!"", ""EB02-030""]","[""local-catalog"", ""official-cardlist""]",EB02-030,0,,,,,,,,0,,,0,{}
92,EB02-031,EB02,031,Anime 25th Collection,Hope,R,Blue,Event,2,-,-,-,Music,,3,"[Main] Look at 4 cards from the top of your deck; reveal up to 1 card with a cost of 4 or more and add it to your hand. Then, place the rest at the bottom of your deck in any order.",[Trigger] Activate this card's [Main] effect.,"[""EB02-031"", ""Hope""]","[""local-catalog"", ""official-cardlist""]",EB02-031,0,,,,,,,,0,,,0,{}
93,EB02-032,EB02,032,Anime 25th Collection,Iceburg,C,Purple,Character,1,-,2000,Wisdom,Water Seven/Galley-La Company,,3,"[On Play] If you have 3 or more DON!! cards on your field, look at 7 cards from the top of your deck; reveal up to 1 [Galley-La Company] and add it to your hand. Then, place the rest at the bottom of your deck in any order and play up to 1 [Galley-La Company] from your hand.",,"[""EB02-032"", ""Iceburg""]","[""local-catalog"", ""official-cardlist""]",EB02-032,0,,,,,,,,0,,,0,{}
94,EB02-033,EB02,033,Anime 25th Collection,Klabautermann,C,Purple,Character,1,-,1000,Wisdom,Sprite,,3,"If you have [Merry Go] on your field, this Character gains [Blocker].",,"[""EB02-033"", ""Klabautermann""]","[""local-catalog"", ""official-cardlist""]",EB02-033,0,,,,,,,,0,,,0,{}
95,EB02-034,EB02,034,Anime 25th Collection,Komei,C,Purple,Character,4,6000,1000,Wisdom,Navy/Foxy Pirates,,3,-,,"[""EB02-034"", ""Komei""]","[""local-catalog"", ""official-cardlist""]",EB02-034,0,,,,,,,,0,,,0,{}
96,EB02-035,EB02,035,Anime 25th Collection,Sanji & Pudding,SR,Purple,Character,5,7000,-,Strike/Wisdom,Big Mom Pirates/Straw Hat Crew,,3,"[Your Turn] [Once Per Turn] When 2 or more DON!! cards on your field are returned to your DON!! deck, add up to 1 DON!! card from your DON!! deck and set it as active. [On Play] If the number of DON!! cards on your field is equal to or less than the number on your opponent's field, draw 1 card.",,"[""EB02-035"", ""Sanji & Pudding""]","[""local-catalog"", ""official-cardlist""]",EB02-035,0,,,,,,,,0,,,0,{}
97,EB02-036,EB02,036,Anime 25th Collection,Nico Robin,R,Purple,Character,3,2000,1000,Strike,Straw Hat Crew,,3,"[Blocker] [On K.O.] DON!! −1: Look at 3 cards from the top of your deck; reveal up to 1 {Straw Hat Crew} type card and add it to your hand. Then, place the rest at the bottom of your deck in any order.",,"[""EB02-036"", ""Nico Robin""]","[""local-catalog"", ""official-cardlist""]",EB02-036,0,,,,,,,,0,,,0,{}
98,EB02-037,EB02,037,Anime 25th Collection,Franky,R,Purple,Character,3,4000,1000,Strike,Water Seven/Straw Hat Crew,,3,"[On Play]/[When Attacking] If your Leader has the {Straw Hat Crew} type and the number of DON!! cards on your field is equal to or less than the number on your opponent's field, add up to 1 DON!! card from your DON!! deck and rest it.",,"[""EB02-037"", ""Franky""]","[""local-catalog"", ""official-cardlist""]",EB02-037,0,,,,,,,,0,,,0,{}
99,EB02-038,EB02,038,Anime 25th Collection,Magellan,C,Purple,Character,3,4000,1000,Special,Impel Down,,3,[On Play] Play up to 1 {Impel Down} type Character card with a cost of 2 or less from your hand.,,"[""EB02-038"", ""Magellan""]","[""local-catalog"", ""official-cardlist""]",EB02-038,0,,,,,,,,0,,,0,{}
100,EB02-039,EB02,039,Anime 25th Collection,GERMA 66,C,Purple,Event,4,-,-,-,The Vinsmoke Family/GERMA 66,,3,"[Main] You may trash 1 {GERMA 66} type Character card with 4000 power or less from your hand: If the number of DON!! cards on your field is equal to or less than the number on your opponent's field, play up to 1 Character card with 5000 to 7000 power and the same card name as the trashed card from your trash.",,"[""EB02-039"", ""GERMA 66""]","[""local-catalog"", ""official-cardlist""]",EB02-039,0,,,,,,,,0,,,0,{}
101,EB02-040,EB02,040,Anime 25th Collection,BRAND NEW WORLD,R,Purple,Event,2,-,-,-,Music,,3,"[Main] Look at 4 cards from the top of your deck; reveal up to 1 card with a cost of 4 or more and add it to your hand. Then, place the rest at the bottom of your deck in any order.",[Trigger] Activate this card's [Main] effect.,"[""BRAND NEW WORLD"", ""EB02-040""]","[""local-catalog"", ""official-cardlist""]",EB02-040,0,,,,,,,,0,,,0,{}
102,EB02-041,EB02,041,Anime 25th Collection,Merry Go,R,Purple,Stage,1,-,-,-,Straw Hat Crew,,3,"[On Play] If your Leader has the {Straw Hat Crew} type, draw 1 card. [Activate: Main] You may rest this Stage: If the number of DON!! cards on your field is equal to or less than the number on your opponent's field, up to 1 of your {Straw Hat Crew} type Characters gains +2 cost until the end of your opponent's next turn.",,"[""EB02-041"", ""Merry Go""]","[""local-catalog"", ""official-cardlist""]",EB02-041,0,,,,,,,,0,,,0,{}
103,EB02-042,EB02,042,Anime 25th Collection,All-Hunt Grount,C,Black,Character,6,8000,1000,Strike,Navy,,3,-,,"[""All-Hunt Grount"", ""EB02-042""]","[""local-catalog"", ""official-cardlist""]",EB02-042,0,,,,,,,,0,,,0,{}
104,EB02-043,EB02,043,Anime 25th Collection,Jonathan,C,Black,Character,7,9000,1000,Wisdom,Navy,,3,-,,"[""EB02-043"", ""Jonathan""]","[""local-catalog"", ""official-cardlist""]",EB02-043,0,,,,,,,,0,,,0,{}
105,EB02-044,EB02,044,Anime 25th Collection,Sengoku,SR,Black,Character,7,7000,1000,Wisdom,Navy,,3,[Blocker] [On Play] Play up to 1 black {Navy} type Character card with a cost of 4 or less from your trash rested.,,"[""EB02-044"", ""Sengoku""]","[""local-catalog"", ""official-cardlist""]",EB02-044,0,,,,,,,,0,,,0,{}
106,EB02-045,EB02,045,Anime 25th Collection,Trafalgar Law,SR,Black,Character,5,6000,1000,Slash,Dressrosa/Supernovas/Heart Pirates,,3,"[Blocker] [On Play] You may place 2 cards from your trash at the bottom of your deck in any order: Choose one: • Draw 1 card. • If your opponent has 5 or more cards in their hand, your opponent trashes 1 card from their hand.",,"[""EB02-045"", ""Trafalgar Law""]","[""local-catalog"", ""official-cardlist""]",EB02-045,0,,,,,,,,0,,,0,{}
107,EB02-046,EB02,046,Anime 25th Collection,Hildon,C,Black,Character,3,3000,2000,Wisdom,Thriller Bark Pirates,,3,[On Play] Trash 2 cards from the top of your deck and give up to 1 of your opponent's Characters −1 cost during this turn.,,"[""EB02-046"", ""Hildon""]","[""local-catalog"", ""official-cardlist""]",EB02-046,0,,,,,,,,0,,,0,{}
108,EB02-047,EB02,047,Anime 25th Collection,Blueno,C,Black,Character,5,6000,1000,Strike,CP9,,3,"[Activate: Main] You may trash 1 card from your hand and trash this Character: Play up to 1 Character card with a type including ""CP"" and a cost of 5 or less other than [Blueno] from your trash.",,"[""Blueno"", ""EB02-047""]","[""local-catalog"", ""official-cardlist""]",EB02-047,0,,,,,,,,0,,,0,{}
109,EB02-048,EB02,048,Anime 25th Collection,Brook,R,Black,Character,5,6000,1000,Slash,Straw Hat Crew,,3,[On Play] Add up to 1 [Laboon] from your trash to your hand. [On K.O.] Play up to 1 [Laboon] with a cost of 4 or less from your hand.,,"[""Brook"", ""EB02-048""]","[""local-catalog"", ""official-cardlist""]",EB02-048,0,,,,,,,,0,,,0,{}
110,EB02-049,EB02,049,Anime 25th Collection,Monkey.D.Garp,R,Black,Character,5,6000,-,Strike,Navy,,3,"[On Play] Give up to 2 rested DON!! cards to 1 of your Leader. [Activate: Main] You may rest this Character: If your Leader is [Monkey.D.Garp], K.O. up to 1 of your opponent's Characters with a cost of 1 or less.",,"[""EB02-049"", ""Monkey.D.Garp""]","[""local-catalog"", ""official-cardlist""]",EB02-049,0,,,,,,,,0,,,0,{}
111,EB02-050,EB02,050,Anime 25th Collection,Kokoro no Chizu,R,Black,Event,2,-,-,-,Music,,3,"[Main] Look at 4 cards from the top of your deck; reveal up to 1 card with a cost of 4 or more and add it to your hand. Then, place the rest at the bottom of your deck in any order.",[Trigger] Activate this card's [Main] effect.,"[""EB02-050"", ""Kokoro no Chizu""]","[""local-catalog"", ""official-cardlist""]",EB02-050,0,,,,,,,,0,,,0,{}
112,EB02-051,EB02,051,Anime 25th Collection,Three-Pace Hum Soul Notch Slash,C,Black,Event,3,-,-,-,Former Rumbar Pirates,,3,[Main] Choose one: • K.O. up to 1 of your opponent's Characters with a cost of 2 or less. • Give up to 1 of your opponent's Characters −4 cost during this turn.,,"[""EB02-051"", ""Three-Pace Hum Soul Notch Slash""]","[""local-catalog"", ""official-cardlist""]",EB02-051,0,,,,,,,,0,,,0,{}
113,EB02-052,EB02,052,Anime 25th Collection,Enel,SR,Yellow,Character,10,11000,-,Special,Sky Island,,3,"If your Leader has the {Sky Island} type, this Character gains [Rush]. [When Attacking] You may trash 1 card from your hand: If you have 1 or less Life cards, add up to 1 card from the top of your deck to the top of your Life cards. Then, this Character gains +1000 power during this turn.",,"[""EB02-052"", ""Enel""]","[""local-catalog"", ""official-cardlist""]",EB02-052,0,,,,,,,,0,,,0,{}
114,EB02-053,EB02,053,Anime 25th Collection,Myskina Olga,C,Yellow,Character,3,4000,1000,Wisdom,Alchemi,,3,[On Play]/[On K.O.] Look at up to 1 card from the top of your or your opponent's Life cards and place it at the top or bottom of the Life cards.,,"[""EB02-053"", ""Myskina Olga""]","[""local-catalog"", ""official-cardlist""]",EB02-053,0,,,,,,,,0,,,0,{}
115,EB02-054,EB02,054,Anime 25th Collection,Sanji,R,Yellow,Character,5,6000,1000,Strike,East Blue/Straw Hat Crew,,3,"[Blocker] (After your opponent declares an attack, you may rest this card to make it the new target of the attack.) [On Play] If you have 2 or less Life cards, draw 2 cards and trash 1 card from your hand.",,"[""EB02-054"", ""Sanji""]","[""local-catalog"", ""official-cardlist""]",EB02-054,0,,,,,,,,0,,,0,{}
116,EB02-055,EB02,055,Anime 25th Collection,Jinbe,R,Yellow,Character,4,5000,2000,Strike,Fish-Man/Straw Hat Crew,,3,-,"[Trigger] If your Leader has the {Fish-Man} or {Merfolk} type and you have 2 or less Life cards, play this card.","[""EB02-055"", ""Jinbe""]","[""local-catalog"", ""official-cardlist""]",EB02-055,0,,,,,,,,0,,,0,{}
117,EB02-056,EB02,056,Anime 25th Collection,Vegapunk,SR,Yellow,Character,5,-,1000,Wisdom,Scientist/Egghead,,3,"[Blocker] [On Play] Look at 5 cards from the top of your deck; play up to 1 {Scientist} type Character card with a cost of 5 or less other than [Vegapunk]. Then, place the rest at the bottom of your deck in any order and if your opponent has 2 or less Characters, trash 1 card from your hand.",[Trigger] Draw 1 card.,"[""EB02-056"", ""Vegapunk""]","[""local-catalog"", ""official-cardlist""]",EB02-056,0,,,,,,,,0,,,0,{}
118,EB02-057,EB02,057,Anime 25th Collection,Mad Treasure,C,Yellow,Character,4,5000,1000,Special,Treasure Pirates,,3,[When Attacking] You may add 1 card from the top or bottom of your Life cards to your hand: Add up to 1 of your opponent's Characters with a cost of 3 or less to the top or bottom of your opponent's Life cards face-up.,,"[""EB02-057"", ""Mad Treasure""]","[""local-catalog"", ""official-cardlist""]",EB02-057,0,,,,,,,,0,,,0,{}
119,EB02-058,EB02,058,Anime 25th Collection,UUUUUS!,R,Yellow,Event,2,-,-,-,Music,,3,"[Main] Look at 4 cards from the top of your deck; reveal up to 1 card with a cost of 4 or more and add it to your hand. Then, place the rest at the bottom of your deck in any order.",[Trigger] Activate this card's [Main] effect.,"[""EB02-058"", ""UUUUUS!""]","[""local-catalog"", ""official-cardlist""]",EB02-058,0,,,,,,,,0,,,0,{}
120,EB02-059,EB02,059,Anime 25th Collection,Without Your Help I Can't Become the King of the Pirates!!!!,C,Yellow,Event,4,-,-,-,Straw Hat Crew,,3,"[Counter] Up to 1 of your Leader or Character cards gains +1000 power during this battle. Then, if you have 1 or less Life cards, play up to 1 of your yellow {Straw Hat Crew} type Character cards or [Sanji] with a cost of 5 or less from your hand.",,"[""EB02-059"", ""Without Your Help I Can't Become the King of the Pirates!!!!""]","[""local-catalog"", ""official-cardlist""]",EB02-059,0,,,,,,,,0,,,0,{}
121,EB02-060,EB02,060,Anime 25th Collection,Merry Go,C,Yellow,Stage,2,-,-,-,Straw Hat Crew,,3,[Activate: Main] You may rest this Stage and turn 1 card from the top of your Life cards face-up: Up to 1 of your {Straw Hat Crew} type Characters gains +1000 power until the end of your opponent's next turn.,,"[""EB02-060"", ""Merry Go""]","[""local-catalog"", ""official-cardlist""]",EB02-060,0,,,,,,,,0,,,0,{}
122,EB02-061,EB02,061,Anime 25th Collection,Monkey.D.Luffy,SEC,Purple,Character,6,7000,-,Strike,Water Seven/Straw Hat Crew,,3,"If your Leader is multicolored and your opponent has 5 or more DON!! cards on their field, this Character gains [Rush]. [When Attacking] [Once Per Turn] You may return 2 of your active DON!! cards to your DON!! deck: Set this Character as active. Then, add 1 card from the top of your Life cards to your hand.",,"[""EB02-061"", ""Monkey.D.Luffy""]","[""local-catalog"", ""official-cardlist""]",EB02-061,0,,,,,,,,0,,,0,{}
123,EB03-001,EB03,001,One Piece Heroines Edition,Nefeltari Vivi,L,Red/Blue,Leader,4,5000,-,Slash,Alabasta,,4,"[Once Per Turn] If your Character with a base cost of 4 or more would be K.O.'d, you may trash 1 card from your hand instead. [Activate: Main] You may rest this Leader: Give up to 1 of your opponent's Characters −2000 power during this turn. Then, up to 1 of your Characters without a [When Attacking] effect gains [Rush] during this turn.",,"[""EB03-001"", ""Nefeltari Vivi""]","[""local-catalog"", ""official-cardlist""]",EB03-001,0,,,,,,,,0,,,0,{}
124,EB03-002,EB03,002,One Piece Heroines Edition,Ain,C,Red,Character,5,6000,2000,Special,FILM/Neo Navy,,4,-,,"[""Ain"", ""EB03-002""]","[""local-catalog"", ""official-cardlist""]",EB03-002,0,,,,,,,,0,,,0,{}
125,EB03-003,EB03,003,One Piece Heroines Edition,Uta,SR,Red,Character,5,7000,-,Special,FILM,,4,"[On Play] If your Leader is [Uta], draw 2 cards. Then, play up to 1 Character card with 6000 power or less and no base effect from your hand.",,"[""EB03-003"", ""Uta""]","[""local-catalog"", ""official-cardlist""]",EB03-003,1,premium_rarity,sp,,,,EB03,,0,,,1,{}
126,EB03-004,EB03,004,One Piece Heroines Edition,Carina,C,Red,Character,3,2000,1000,Wisdom,FILM/Grantesoro,,4,"[Blocker] [Opponent's Turn] If your Leader is multicolored and you have no Characters with 6000 base power or more, this Character gains +4000 power.",,"[""Carina"", ""EB03-004""]","[""local-catalog"", ""official-cardlist""]",EB03-004,0,,,,,,,,0,,,0,{}
127,EB03-005,EB03,005,One Piece Heroines Edition,Sugar,R,Red,Character,3,-,1000,Special,Donquixote Pirates,,4,"[On Play] If your Leader is [Sugar], play up to 1 {Donquixote Pirates} type Character card with 6000 power or less from your hand rested.",,"[""EB03-005"", ""Sugar""]","[""local-catalog"", ""official-cardlist""]",EB03-005,0,,,,,,,,0,,,0,{}
128,EB03-006,EB03,006,One Piece Heroines Edition,Nami,R,Red,Character,5,7000,-,Wisdom,Alabasta/Straw Hat Crew,,4,"[On Play] You may give your active Leader −5000 power during this turn: Draw 1 card. [Activate: Main] [Once Per Turn] If your Leader has the {Alabasta} type, give up to 1 of your opponent's Characters −1000 power during this turn.",,"[""EB03-006"", ""Nami""]","[""local-catalog"", ""official-cardlist""]",EB03-006,0,,,,,,,,0,,,0,{}
129,EB03-007,EB03,007,One Piece Heroines Edition,Baccarat,C,Red,Character,4,5000,1000,Special,FILM/Grantesoro,,4,[Blocker] [On K.O.] Play up to 1 Character card with 6000 power or less and no base effect from your hand.,,"[""Baccarat"", ""EB03-007""]","[""local-catalog"", ""official-cardlist""]",EB03-007,0,,,,,,,,0,,,0,{}
130,EB03-008,EB03,008,One Piece Heroines Edition,Hibari,R,Red,Character,3,5000,-,Ranged,Navy/SWORD,,4,[On Play]/[When Attacking] Up to 1 of your {SWORD} type Leader or Character cards can also attack active Characters during this turn. [Activate: Main] [Once Per Turn] Give up to 1 of your opponent's Characters −1000 power during this turn.,,"[""EB03-008"", ""Hibari""]","[""local-catalog"", ""official-cardlist""]",EB03-008,0,,,,,,,,0,,,0,{}
131,EB03-009,EB03,009,One Piece Heroines Edition,Makino,C,Red,Character,1,-,2000,Wisdom,Windmill Village,,4,[Activate: Main] You may rest this Character: Up to 1 of your Characters with no base effect gains +2000 power during this turn.,,"[""EB03-009"", ""Makino""]","[""local-catalog"", ""official-cardlist""]",EB03-009,0,,,,,,,,0,,,0,{}
132,EB03-010,EB03,010,One Piece Heroines Edition,Monet,R,Red,Character,5,6000,1000,Special,Punk Hazard/Donquixote Pirates,,4,"[Blocker] [On Play] Look at 5 cards from the top of your deck; reveal up to 1 Character card with 1000 power or less or up to 1 Event card and add it to your hand. Then, place the rest at the bottom of your deck in any order.",,"[""EB03-010"", ""Monet""]","[""local-catalog"", ""official-cardlist""]",EB03-010,0,,,,,,,,0,,,0,{}
133,EB03-011,EB03,011,One Piece Heroines Edition,But If We Ever See Each Other Again... Will You Call Me Your Shipmate?!!,C,Red,Event,1,-,-,-,Alabasta,,4,"[Counter] If your Leader is [Nefeltari Vivi], up to 1 of your Leader or Character cards gains +4000 power during this battle.",[Trigger] Give up to 1 of your opponent's Characters −2000 power during this turn.,"[""But If We Ever See Each Other Again... Will You Call Me Your Shipmate?!!"", ""EB03-011""]","[""local-catalog"", ""official-cardlist""]",EB03-011,0,,,,,,,,0,,,0,{}
134,EB03-012,EB03,012,One Piece Heroines Edition,Otama,R,Green,Character,2,-,2000,Special,Land of Wano,,4,[Activate: Main] You may rest this Character: Rest up to 1 of your opponent's DON!! cards or {Animal} or {SMILE} type Characters with a cost of 3 or less.,,"[""EB03-012"", ""Otama""]","[""local-catalog"", ""official-cardlist""]",EB03-012,0,,,,,,,,0,,,0,{}
135,EB03-013,EB03,013,One Piece Heroines Edition,Carrot,R,Green,Character,6,7000,1000,Special,Minks,,4,"[Activate: Main] [Once Per Turn] If this Character was played on this turn, K.O. up to 1 of your opponent's rested Characters with a cost of 5 or less. Then, play up to 1 [Zou] from your hand.",,"[""Carrot"", ""EB03-013""]","[""local-catalog"", ""official-cardlist""]",EB03-013,0,,,,,,,,0,,,0,{}
136,EB03-014,EB03,014,One Piece Heroines Edition,Kuina,C,Green,Character,2,-,1000,Slash,East Blue/Frost Moon Village,,4,[Activate: Main] You may rest this Character: Give up to 2 rested DON!! cards to your attribute Leader.,,"[""EB03-014"", ""Kuina""]","[""local-catalog"", ""official-cardlist""]",EB03-014,0,,,,,,,,0,,,0,{}
137,EB03-015,EB03,015,One Piece Heroines Edition,Camie,C,Green,Character,2,-,1000,Wisdom,Merfolk/Fish-Man Island,,4,"[Activate: Main] You may rest this Character: Give up to 1 rested DON!! card to 1 of your {Fish-Man} or {Merfolk} type Leader or Character cards. Then, rest up to 1 of your opponent's Characters with a cost of 2 or less.",,"[""Camie"", ""EB03-015""]","[""local-catalog"", ""official-cardlist""]",EB03-015,0,,,,,,,,0,,,0,{}
138,EB03-016,EB03,016,One Piece Heroines Edition,Kouzuki Hiyori,C,Green,Character,1,-,-,Wisdom,Land of Wano/Kouzuki Clan,,4,"[On Play] If your Leader is [Kouzuki Oden], draw 1 card. [Activate: Main] You may trash this Character: Give up to 1 rested DON!! card to your {Land of Wano} type Leader.",,"[""EB03-016"", ""Kouzuki Hiyori""]","[""local-catalog"", ""official-cardlist""]",EB03-016,0,,,,,,,,0,,,0,{}
139,EB03-017,EB03,017,One Piece Heroines Edition,Jewelry Bonney,R,Green,Character,5,6000,1000,Special,Supernovas/Bonney Pirates,,4,"[On Play] If your Leader has the {Supernovas} type, set up to 1 of your DON!! cards as active. Then, up to 1 of your opponent's Characters with a cost of 8 or less cannot be rested until the end of your opponent's next End Phase.",,"[""EB03-017"", ""Jewelry Bonney""]","[""local-catalog"", ""official-cardlist""]",EB03-017,0,,,,,,,,0,,,0,{}
140,EB03-018,EB03,018,One Piece Heroines Edition,Tashigi,SR,Green,Character,4,6000,-,Slash,Navy,,4,[Opponent's Turn] This Character cannot be K.O.'d by your opponent's effects and gains [Blocker]. [End of Your Turn] You may rest 1 of your DON!! cards and trash 1 card from your hand: Set this Character as active.,,"[""EB03-018"", ""Tashigi""]","[""local-catalog"", ""official-cardlist""]",EB03-018,1,premium_rarity,sp,,,,EB03,,0,,,1,{}
141,EB03-019,EB03,019,One Piece Heroines Edition,Wanda,C,Green,Character,6,7000,1000,Slash,Minks,,4,"[Blocker] (After your opponent declares an attack, you may rest this card to make it the new target of the attack.)",,"[""EB03-019"", ""Wanda""]","[""local-catalog"", ""official-cardlist""]",EB03-019,0,,,,,,,,0,,,0,{}
142,EB03-020,EB03,020,One Piece Heroines Edition,"There You Are, Sore Loser!",C,Green,Event,1,-,-,-,FILM,,4,"[Counter] Up to 1 of your Leader or Character cards gains +2000 power during this battle. Then, if you have 2 or more {FILM} type Characters, that card gains an additional +2000 power during this battle.",[Trigger] Set up to 1 of your Characters as active.,"[""EB03-020"", ""There You Are, Sore Loser!""]","[""local-catalog"", ""official-cardlist""]",EB03-020,0,,,,,,,,0,,,0,{}
143,EB03-021,EB03,021,One Piece Heroines Edition,Alvida,C,Blue,Character,4,2000,1000,Strike,Cross Guild,,4,[On Play] You may trash 1 card from your hand: Place up to 1 of your opponent's Characters with 4000 base power or less and up to 1 Character with a base cost of 3 or less at the bottom of the owner's deck.,,"[""Alvida"", ""EB03-021""]","[""local-catalog"", ""official-cardlist""]",EB03-021,0,,,,,,,,0,,,0,{}
144,EB03-022,EB03,022,One Piece Heroines Edition,Isuka,R,Blue,Character,6,6000,1000,Slash,Navy,,4,"[Blocker] (After your opponent declares an attack, you may rest this card to make it the new target of the attack.) [On Play] Place up to 1 Character with a cost of 4 or less at the bottom of the owner's deck.",,"[""EB03-022"", ""Isuka""]","[""local-catalog"", ""official-cardlist""]",EB03-022,0,,,,,,,,0,,,0,{}
145,EB03-023,EB03,023,One Piece Heroines Edition,Kaya,C,Blue,Character,2,-,2000,Wisdom,East Blue,,4,[On Play] Look at 5 cards from the top of your deck and place them at the top or bottom of the deck in any order.,,"[""EB03-023"", ""Kaya""]","[""local-catalog"", ""official-cardlist""]",EB03-023,0,,,,,,,,0,,,0,{}
146,EB03-024,EB03,024,One Piece Heroines Edition,Nefeltari Vivi,SR,Blue,Character,5,4000,1000,Wisdom,Alabasta,,4,"[Blocker] [On Play] Play up to 1 {Alabasta} or {Straw Hat Crew} type Character card with a cost of 5 or less from your hand. Then, you cannot play any Character cards on your field during this turn.",,"[""EB03-024"", ""Nefeltari Vivi""]","[""local-catalog"", ""official-cardlist""]",EB03-024,1,premium_rarity,sp,,,,EB03,,0,,,1,{}
147,EB03-025,EB03,025,One Piece Heroines Edition,Hina,R,Blue,Character,5,6000,1000,Special,Navy,,4,[On Play] You may trash 1 card from your hand: Return up to 1 Character with 6000 base power to the owner's hand.,,"[""EB03-025"", ""Hina""]","[""local-catalog"", ""official-cardlist""]",EB03-025,0,,,,,,,,0,,,0,{}
148,EB03-026,EB03,026,One Piece Heroines Edition,Boa Hancock,SR,Blue,Character,6,8000,-,Special,The Seven Warlords of the Sea/Kuja Pirates,,4,"[On Play] If your opponent has 5 or more cards in their hand, your opponent places 1 card from their hand at the bottom of their deck. [Activate: Main] [Once Per Turn] You may place 1 of your Characters at the bottom of the owner's deck: Give your Leader and 1 Character up to 1 rested DON!! card each.",,"[""Boa Hancock"", ""EB03-026""]","[""local-catalog"", ""official-cardlist""]",EB03-026,1,premium_rarity,sp,,,,EB03,,0,,,1,{}
149,EB03-027,EB03,027,One Piece Heroines Edition,Marguerite,R,Blue,Character,6,7000,1000,Wisdom,Amazon Lily,,4,[On Play] Return up to 1 Character with 7000 base power to the owner's hand.,,"[""EB03-027"", ""Marguerite""]","[""local-catalog"", ""official-cardlist""]",EB03-027,0,,,,,,,,0,,,0,{}
150,EB03-028,EB03,028,One Piece Heroines Edition,Yu,C,Blue,Character,2,-,1000,Wisdom,East Blue,,4,"[On Play] Trash 1 card from your hand. [Activate: Main] You may trash this Character: If you have 4 or less cards in your hand, draw 2 cards.",,"[""EB03-028"", ""Yu""]","[""local-catalog"", ""official-cardlist""]",EB03-028,0,,,,,,,,0,,,0,{}
151,EB03-029,EB03,029,One Piece Heroines Edition,Insolent Fool!! Stand Down!!,C,Blue,Event,1,-,-,-,The Seven Warlords of the Sea/Kuja Pirates,,4,"[Main] You may rest 4 of your DON!! cards: If your Leader is [Boa Hancock], play up to 1 {Amazon Lily} or {Kuja Pirates} type Character card with a cost of 6 or less from your hand. [Counter] Up to 1 of your [Boa Hancock] cards gains +3000 power during this battle.",,"[""EB03-029"", ""Insolent Fool!! Stand Down!!""]","[""local-catalog"", ""official-cardlist""]",EB03-029,0,,,,,,,,0,,,0,{}
152,EB03-030,EB03,030,One Piece Heroines Edition,Viola,C,Purple,Character,5,6000,2000,Special,Dressrosa,,4,-,,"[""EB03-030"", ""Viola""]","[""local-catalog"", ""official-cardlist""]",EB03-030,0,,,,,,,,0,,,0,{}
153,EB03-031,EB03,031,One Piece Heroines Edition,Vinsmoke Reiju,SR,Purple,Character,5,5000,1000,Special,The Vinsmoke Family/GERMA 66,,4,"[Your Turn] [On Play] DON!! −1: If your Leader is [Sanji], activate the [Main] effect of up to 1 Event card with a cost of 7 or less in your trash.",,"[""EB03-031"", ""Vinsmoke Reiju""]","[""local-catalog"", ""official-cardlist""]",EB03-031,1,premium_rarity,sp,,,,EB03,,0,,,1,{}
154,EB03-032,EB03,032,One Piece Heroines Edition,Charlotte Flampe,C,Purple,Character,1,2000,1000,Ranged,Big Mom Pirates,,4,[Your Turn] [On Play] Up to 1 of your [Charlotte Katakuri] cards gains +2000 power during this turn.,,"[""Charlotte Flampe"", ""EB03-032""]","[""local-catalog"", ""official-cardlist""]",EB03-032,0,,,,,,,,0,,,0,{}
155,EB03-033,EB03,033,One Piece Heroines Edition,Charlotte Brulee,C,Purple,Character,5,6000,1000,Special,Big Mom Pirates,,4,"[Opponent's Turn] [Once Per Turn] When a DON!! card on your field is returned to your DON!! deck by your effect, if your Leader has the {Big Mom Pirates} type, add up to 1 DON!! card from your DON!! deck and rest it.",,"[""Charlotte Brulee"", ""EB03-033""]","[""local-catalog"", ""official-cardlist""]",EB03-033,0,,,,,,,,0,,,0,{}
156,EB03-034,EB03,034,One Piece Heroines Edition,Charlotte Linlin,R,Purple,Character,7,7000,1000,Special,Rocks Pirates,,4,"[On Play] Draw 1 card and place 1 card from your hand at the top of your deck. Then, add up to 1 DON!! card from your DON!! deck and set it as active. [On K.O.] DON!! −1: Add up to 1 card from the top of your deck to the top of your Life cards.",,"[""Charlotte Linlin"", ""EB03-034""]","[""local-catalog"", ""official-cardlist""]",EB03-034,0,,,,,,,,0,,,0,{}
157,EB03-035,EB03,035,One Piece Heroines Edition,Charlotte Pudding,R,Purple,Character,4,4000,2000,Wisdom,Big Mom Pirates,,4,"[Blocker] [On Play] If the number of DON!! cards on your field is equal to or less than the number on your opponent's field, add up to 1 DON!! card from your DON!! deck and rest it.",,"[""Charlotte Pudding"", ""EB03-035""]","[""local-catalog"", ""official-cardlist""]",EB03-035,0,,,,,,,,0,,,0,{}
158,EB03-036,EB03,036,One Piece Heroines Edition,Baby 5,C,Purple,Character,4,2000,1000,Special,Donquixote Pirates,,4,[On Play] DON!! −1 (You may return the specified number of DON!! cards from your field to your DON!! deck.): K.O. up to 2 of your opponent's Characters with a base cost of 3 or less.,,"[""Baby 5"", ""EB03-036""]","[""local-catalog"", ""official-cardlist""]",EB03-036,0,,,,,,,,0,,,0,{}
159,EB03-037,EB03,037,One Piece Heroines Edition,Lim,R,Purple,Character,4,5000,2000,Wisdom,ODYSSEY,,4,"[On Play] If you have 7 or more DON!! cards on your field, all of your {ODYSSEY} type Leader and Character cards gain +1000 power until the end of your opponent's next End Phase.",,"[""EB03-037"", ""Lim""]","[""local-catalog"", ""official-cardlist""]",EB03-037,0,,,,,,,,0,,,0,{}
160,EB03-038,EB03,038,One Piece Heroines Edition,Thanks for the Treat. ♡,C,Purple,Event,1,-,-,-,The Vinsmoke Family/GERMA 66,,4,"[Main] You may rest 1 of your DON!! cards: If the number of DON!! cards on your field is equal to or less than the number on your opponent's field and you only have Characters with a type including ""GERMA"", add up to 2 DON!! cards from your DON!! deck and rest them. [Counter] Your Leader gains +3000 power during this battle.",,"[""EB03-038"", ""Thanks for the Treat. ♡""]","[""local-catalog"", ""official-cardlist""]",EB03-038,0,,,,,,,,0,,,0,{}
161,EB03-039,EB03,039,One Piece Heroines Edition,Ulti,R,Black,Character,6,7000,1000,Strike,Animal Kingdom Pirates,,4,"[On Play] If your Leader has the {Animal Kingdom Pirates} type, draw 1 card and trash 1 card from your hand. Then, play up to 1 Character card with 6000 power or less and no base effect from your trash.",,"[""EB03-039"", ""Ulti""]","[""local-catalog"", ""official-cardlist""]",EB03-039,0,,,,,,,,0,,,0,{}
162,EB03-040,EB03,040,One Piece Heroines Edition,Kalifa,C,Black,Character,5,6000,2000,Special,CP9,,4,-,,"[""EB03-040"", ""Kalifa""]","[""local-catalog"", ""official-cardlist""]",EB03-040,0,,,,,,,,0,,,0,{}
163,EB03-041,EB03,041,One Piece Heroines Edition,Kujyaku,R,Black,Character,4,6000,-,Special,Navy/SWORD,,4,[Opponent's Turn] All of your {SWORD} type Characters with a cost of 6 or less gain +2000 power. [On Play] You may trash 1 {Navy} type card from your hand: Draw 2 cards.,,"[""EB03-041"", ""Kujyaku""]","[""local-catalog"", ""official-cardlist""]",EB03-041,0,,,,,,,,0,,,0,{}
164,EB03-042,EB03,042,One Piece Heroines Edition,Koala,SR,Black,Character,4,5000,1000,Strike,Dressrosa/Revolutionary Army,,4,"If your Leader has the {Revolutionary Army} type, this Character gains +4 cost. [Opponent's Turn] [On K.O.] Play up to 1 {Revolutionary Army} type Character card with a cost of 6 or less other than [Koala] or up to 1 [Nico Robin] with a cost of 6 or less from your hand or trash.",,"[""EB03-042"", ""Koala""]","[""local-catalog"", ""official-cardlist""]",EB03-042,1,premium_rarity,sp,,,,EB03,,0,,,1,{}
165,EB03-043,EB03,043,One Piece Heroines Edition,Stussy,R,Black,Character,7,7000,-,Special,CP0,,4,"[Blocker] [On Play] You may place 2 cards with a type including ""CP"" from your trash at the bottom of your deck in any order: K.O. up to 1 of your opponent's Characters with a cost of 4 or less.",,"[""EB03-043"", ""Stussy""]","[""local-catalog"", ""official-cardlist""]",EB03-043,0,,,,,,,,0,,,0,{}
166,EB03-044,EB03,044,One Piece Heroines Edition,Black Maria,C,Black,Character,3,4000,1000,Special,Animal Kingdom Pirates,,4,"If your Leader is multicolored, this Character gains [Blocker]. [On Play] Look at 5 cards from the top of your deck; reveal up to 1 [Onigashima Island] and add it to your hand. Then, place the rest at the bottom of your deck in any order and play up to 1 [Onigashima Island] from your hand.",,"[""Black Maria"", ""EB03-044""]","[""local-catalog"", ""official-cardlist""]",EB03-044,0,,,,,,,,0,,,0,{}
167,EB03-045,EB03,045,One Piece Heroines Edition,Perona,SR,Black,Character,4,6000,-,Special,Muggy Kingdom/Thriller Bark Pirates,,4,"[Blocker] [On Play] Give up to 1 rested DON!! card to your Leader or 1 of your Characters. Then, if you have 10 or more cards in your trash, play up to 1 {Thriller Bark Pirates} type Character card with a cost of 2 or less from your trash rested.",,"[""EB03-045"", ""Perona""]","[""local-catalog"", ""official-cardlist""]",EB03-045,1,premium_rarity,sp,,,,EB03,,0,,,1,{}
168,EB03-046,EB03,046,One Piece Heroines Edition,Miss Doublefinger(Zala),C,Black,Character,4,5000,1000,Slash,Baroque Works,,4,"[On Play] If there is a Character with a cost of 0 or with a cost of 8 or more, draw 1 card. [On K.O.] Trash 2 cards from the top of your deck.",,"[""EB03-046"", ""Miss Doublefinger(Zala)""]","[""local-catalog"", ""official-cardlist""]",EB03-046,0,,,,,,,,0,,,0,{}
169,EB03-047,EB03,047,One Piece Heroines Edition,Miss.Valentine(Mikita),C,Black,Character,2,2000,1000,Strike,Baroque Works,,4,[On Play] Trash 3 cards from the top of your deck. [On K.O.] Draw 1 card.,,"[""EB03-047"", ""Miss.Valentine(Mikita)""]","[""local-catalog"", ""official-cardlist""]",EB03-047,0,,,,,,,,0,,,0,{}
170,EB03-048,EB03,048,One Piece Heroines Edition,Rebecca,R,Black,Character,2,-,1000,Wisdom,Dressrosa,,4,"[Blocker] [On Play] Look at 5 cards from the top of your deck; reveal up to 1 {Dressrosa} type Stage card and add it to your hand. Then, place the rest at the bottom of your deck in any order and play up to 1 {Dressrosa} type Stage card with a cost of 1 from your hand.",,"[""EB03-048"", ""Rebecca""]","[""local-catalog"", ""official-cardlist""]",EB03-048,0,,,,,,,,0,,,0,{}
171,EB03-049,EB03,049,One Piece Heroines Edition,I Knew You People Were Behind This.,C,Black,Event,1,-,-,-,Thriller Bark Pirates,,4,"[Main] You may rest 7 of your DON!! cards: If your Leader is [Perona], play up to 1 {Thriller Bark Pirates} type Character card with a cost of 6 or less and up to 1 {Thriller Bark Pirates} type Character card with a cost of 4 or less from your hand or trash. [Counter] Your Leader gains +3000 power during this battle.",,"[""EB03-049"", ""I Knew You People Were Behind This.""]","[""local-catalog"", ""official-cardlist""]",EB03-049,0,,,,,,,,0,,,0,{}
172,EB03-050,EB03,050,One Piece Heroines Edition,Conis,C,Yellow,Character,2,-,1000,Wisdom,Sky Island,,4,[On Play] Up to 1 of your {Sky Island} type Characters gains [Double Attack] during this turn. (This card deals 2 damage.),,"[""Conis"", ""EB03-050""]","[""local-catalog"", ""official-cardlist""]",EB03-050,0,,,,,,,,0,,,0,{}
173,EB03-051,EB03,051,One Piece Heroines Edition,Charlotte Smoothie,C,Yellow,Character,3,3000,2000,Special,Big Mom Pirates,,4,"[On Play] If you have a face-up Life card, K.O. up to 1 of your opponent's Characters with a cost of 2 or less. Then, turn all of your Life cards face-down.",,"[""Charlotte Smoothie"", ""EB03-051""]","[""local-catalog"", ""official-cardlist""]",EB03-051,0,,,,,,,,0,,,0,{}
174,EB03-052,EB03,052,One Piece Heroines Edition,Shirahoshi,R,Yellow,Character,3,-,1000,Wisdom,Merfolk/Fish-Man Island,,4,"[Activate: Main] You may trash this Character: If your Leader is [Shirahoshi], add 1 card from the top of your deck to the top of your Life cards. Then, all of your {Neptunian} type Characters gain +1000 power during this turn.",,"[""EB03-052"", ""Shirahoshi""]","[""local-catalog"", ""official-cardlist""]",EB03-052,0,,,,,,,,0,,,0,{}
175,EB03-053,EB03,053,One Piece Heroines Edition,Nami,SR,Yellow,Character,5,6000,1000,Special,Straw Hat Crew,,4,"[On Play] Give up to 1 rested DON!! card to your Leader. Then, if your opponent has 3 or more Life cards, add up to 1 card from the top of your opponent's Life cards to the owner's hand. [On K.O.] You may turn 1 card from the top of your Life cards face-up: Play up to 1 Character card with 6000 power or less from your hand.",,"[""EB03-053"", ""Extra Booster One Piece Heroines Edition Nami 053"", ""Nami""]","[""local-catalog"", ""official-cardlist""]",EB03-053,1,premium_rarity,sp,,,,EB03,,0,,,1,{}
176,EB03-054,EB03,054,One Piece Heroines Edition,Nico Robin,C,Yellow,Character,3,5000,-,Strike,Straw Hat Crew,,4,[On Play] You may trash 1 card from the top of your Life cards: Add up to 1 card from the top of your deck to the top of your Life cards.,[Trigger] You may trash 1 card from your hand: Play this card.,"[""EB03-054"", ""Nico Robin""]","[""local-catalog"", ""official-cardlist""]",EB03-054,0,,,,,,,,0,,,0,{}
177,EB03-055,EB03,055,One Piece Heroines Edition,Nico Robin,SR,Yellow,Character,7,8000,-,Strike,Straw Hat Crew,,4,"[On Play] You may trash 1 card from the top of your Life cards: If your Leader has the {Straw Hat Crew} type, add up to 2 cards from the top of your deck to the top of your Life cards. [Opponent's Turn] [On K.O.] You may deal 1 damage to your opponent.",,"[""EB03-055"", ""Nico Robin""]","[""local-catalog"", ""official-cardlist""]",EB03-055,1,premium_rarity,sp,,,,EB03,,0,,,1,{}
178,EB03-056,EB03,056,One Piece Heroines Edition,Belo Betty,C,Yellow,Character,4,3000,2000,Special,Revolutionary Army,,4,[On Play] You may turn 1 card from the top of your Life cards face-up: K.O. up to 1 of your opponent's Characters with a base cost of 3 or less.,,"[""Belo Betty"", ""EB03-056""]","[""local-catalog"", ""official-cardlist""]",EB03-056,0,,,,,,,,0,,,0,{}
179,EB03-057,EB03,057,One Piece Heroines Edition,Yamato,R,Yellow,Character,5,6000,1000,Strike,Land of Wano,,4,[On Play] Give up to 3 rested DON!! cards to your {Land of Wano} type Leader. [On K.O.] Trash up to 1 card from the top of your opponent's Life cards.,,"[""EB03-057"", ""Yamato""]","[""local-catalog"", ""official-cardlist""]",EB03-057,0,,,,,,,,0,,,0,{}
180,EB03-058,EB03,058,One Piece Heroines Edition,Lilith,R,Yellow,Character,5,6000,1000,Wisdom,Egghead/Scientist,,4,"[Your Turn] [On Play] If you have 2 or less Life cards, draw 1 card.","[Trigger] If your Leader is [Vegapunk], play this card.","[""EB03-058"", ""Lilith""]","[""local-catalog"", ""official-cardlist""]",EB03-058,0,,,,,,,,0,,,0,{}
181,EB03-059,EB03,059,One Piece Heroines Edition,S-Snake,R,Yellow,Character,6,7000,1000,Special,Seraphim/Egghead,,4,"[On Play] If your Leader has the {Egghead} type and you have 2 or more Life cards, add up to 1 Character card with a [Trigger] from your hand to the top of your Life cards face-up.",[Trigger] Up to 1 of your opponent's Characters with a cost of 6 or less other than [Monkey.D.Luffy] cannot attack during this turn.,"[""EB03-059"", ""S-Snake""]","[""local-catalog"", ""official-cardlist""]",EB03-059,0,,,,,,,,0,,,0,{}
182,EB03-060,EB03,060,One Piece Heroines Edition,Will You Be My Servant?,C,Yellow,Event,1,-,-,-,Straw Hat Crew,,4,"[Main] If your Leader is [Nami], look at 4 cards from the top of your deck; reveal up to 1 card with a cost of 2 to 8 and add it to your hand. Then, place the rest at the bottom of your deck in any order.",[Trigger] Activate this card's [Main] effect.,"[""EB03-060"", ""Will You Be My Servant?""]","[""local-catalog"", ""official-cardlist""]",EB03-060,0,,,,,,,,0,,,0,{}
183,EB03-061,EB03,061,One Piece Heroines Edition,Uta,SEC,Green,Character,7,8000,-,Special,FILM,,4,"[Activate: Main] [Once Per Turn] Set up to 1 of your DON!! cards as active. Then, rest up to 1 of your opponent's DON!! cards or Characters with a cost of 4 or less. [End of Your Turn] You may rest 1 of your DON!! cards: Set up to 1 of your {FILM} type Characters as active.",,"[""EB03-061"", ""Uta""]","[""local-catalog"", ""official-cardlist""]",EB03-061,0,,,,,,,,0,,,0,{}
184,EB03-062,EB03,062,One Piece Heroines Edition,Trafalgar Law,SEC,Yellow,Character,8,6000,1000,Slash,Heart Pirates,,4,"[Rush] [Activate: Main] You may trash 1 card from your hand and trash this Character: Add up to 1 card from the top of your deck to the top of your Life cards. Then, play up to 1 [Trafalgar Law] with a cost of 7 or less from your hand.",,"[""EB03-062"", ""Extra Booster One Piece Heroines Edition Trafalgar Law"", ""Trafalgar Law""]","[""local-catalog"", ""official-cardlist""]",EB03-062,0,,,,,,,,0,,,0,{}
185,EB04-001,EB04,001,Adventure on Kami's Island,Jewelry Bonney,L,Red/Yellow,Leader,,5000,,Special,Egghead/Bonney Pirates,4,,"[Opponent's Turn] If you have 1 or less Life cards, this Leader gains +2000 power.
[Activate: Main] [Once Per Turn] Give up to 1 of your opponent's Characters −1000 power during this turn. Then, if you have 2 or more Life cards, you may add 1 card from the top of your Life cards to your hand.",,"[""EB04-001""]","[""local-catalog"", ""official-cardlist"", ""local-corroboration""]",EB04-001,0,,,,,,,,0,,,0,{}
186,EB04-002,EB04,002,Adventure on Kami's Island,Jewelry Bonney,R,Red,Character,1,2000,1000,Special,Egghead/Bonney Pirates,,,"[On Play] Look at 4 cards from the top of your deck; reveal up to 1 {Egghead} or {Straw Hat Crew} type card other than [Jewelry Bonney] and add it to your hand. Then, place the rest at the bottom of your deck in any order.",,"[""EB04-002""]","[""local-catalog"", ""official-cardlist"", ""local-corroboration""]",EB04-002,0,,,,,,,,0,,,0,{}
187,EB04-003,EB04,003,Adventure on Kami's Island,Smoker & Tashigi,R,Red,Character,8,8000,,Slash/Special,Punk Hazard/Navy,,,"[Rush] (This card can attack on the turn in which it is played.)
[Opponent's Turn] Your {Navy} type Leader's base power becomes 7000.",,"[""EB04-003""]","[""local-catalog"", ""official-cardlist"", ""local-corroboration""]",EB04-003,1,premium_rarity,sp,,,,OP15,,0,,,1,{}
188,EB04-004,EB04,004,Adventure on Kami's Island,Zeff,C,Red,Character,7,8000,,Strike,East Blue,,,[When Attacking] Your Leader's base power becomes 7000 until the end of your opponent's next End Phase.,,"[""EB04-004""]","[""local-catalog"", ""official-cardlist"", ""local-corroboration""]",EB04-004,0,,,,,,,,0,,,0,{}
189,EB04-005,EB04,005,Adventure on Kami's Island,Trafalgar Law,C,Red,Character,3,5000,2000,Slash,The Seven Warlords of the Sea/Supernovas/Heart Pirates,,,This Character cannot attack unless your opponent has 2 or more Characters with a base power of 5000 or more.,,"[""EB04-005""]","[""local-catalog"", ""official-cardlist"", ""local-corroboration""]",EB04-005,0,,,,,,,,0,,,0,{}
190,EB04-006,EB04,006,Adventure on Kami's Island,Moda,C,Red,Character,1,,2000,Wisdom,Lulucia Kingdom,,,"[On Play] Look at 7 cards from the top of your deck; reveal up to 1 [Lulucia Kingdom] and add it to your hand. Then, place the rest at the bottom of your deck in any order.",,"[""EB04-006""]","[""local-catalog"", ""official-cardlist"", ""local-corroboration""]",EB04-006,0,,,,,,,,0,,,0,{}
191,EB04-007,EB04,007,Adventure on Kami's Island,Roronoa Zoro,SR,Red,Character,7,9000,,Slash,Egghead/Straw Hat Crew,,,"[On Play] Your Leader gains +2000 power until the end of your opponent's next End Phase.
[Activate: Main] [Once Per Turn] If your opponent has a Character with 8000 power or more, this Character gains [Rush: Character] during this turn.",,"[""EB04-007""]","[""local-catalog"", ""official-cardlist"", ""local-corroboration""]",EB04-007,0,,,,,,,,0,,,0,{}
192,EB04-008,EB04,008,Adventure on Kami's Island,Distorted Future,R,Red,Event,1,,,,Egghead/Bonney Pirates,,,"[Main] If you have 2 or less Life cards, give up to 1 of your opponent's Characters −3000 power during this turn.
[Counter] Your Leader gains +3000 power during this battle.",,"[""EB04-008""]","[""local-catalog"", ""official-cardlist"", ""local-corroboration""]",EB04-008,0,,,,,,,,0,,,0,{}
193,EB04-009,EB04,009,Adventure on Kami's Island,It's My Student's Farewell. I Want It to Be Proper.,C,Red,Event,0,,,,Former Roger Pirates,,,"[Main] You may give 1 active DON!! card to 1 of your [Silvers Rayleigh]: Give up to 1 of your opponent's Characters −2000 power during this turn.
[Counter] Up to 1 of your Characters or [Silvers Rayleigh] gains +2000 power during this battle.",,"[""EB04-009""]","[""local-catalog"", ""official-cardlist"", ""local-corroboration""]",EB04-009,0,,,,,,,,0,,,0,{}
194,EB04-010,EB04,010,Adventure on Kami's Island,Lulucia Kingdom,C,Red,Stage,7,,,,Lulucia Kingdom,,,"[Opponent's Turn] All of your Characters with a base cost of 1 gain +5000 power.
[On Play] Set the power of up to 1 of your opponent's Characters to 0 during this turn.",,"[""EB04-010""]","[""local-catalog"", ""official-cardlist"", ""local-corroboration""]",EB04-010,0,,,,,,,,0,,,0,{}
195,EB04-011,EB04,011,Adventure on Kami's Island,Scaled Neptunian,C,Green,Character,7,8000,1000,Strike,Neptunian,,4,"[Rush: Character] (This card can attack Characters on the turn in which it is played.)
[On Play] Draw a card for each of your {Neptunian} type Characters. Then, trash the same number of cards from your hand.",,"[""EB04-011"", ""Scaled Neptunian""]","[""local-catalog"", ""official-cardlist"", ""local-corroboration""]",EB04-011,0,,,,,,,,0,,,0,{}
196,EB04-012,EB04,012,Adventure on Kami's Island,Kikunojo,SR,Green,Character,7,8000,,Slash,Land of Wano/The Akazaya Nine,,4,"[Activate: Main] [Once Per Turn] If this Character was played on this turn, set your {Land of Wano} type Leader as active.",,"[""EB04-012"", ""Kikunojo""]","[""local-catalog"", ""official-cardlist"", ""local-corroboration""]",EB04-012,0,,,,,,,,0,,,0,{}
197,EB04-013,EB04,013,Adventure on Kami's Island,Carrot,SR,Green,Character,8,9000,,Special,Minks,,4,"[On Play] If your Leader has the {Minks} type, set up to 2 of your {Minks} type Characters and your Leader as active.",,"[""Carrot"", ""EB04-013""]","[""local-catalog"", ""official-cardlist"", ""local-corroboration""]",EB04-013,0,,,,,,,,0,,,0,{}
198,EB04-014,EB04,014,Adventure on Kami's Island,Kozuki Sukiyaki,C,Green,Character,3,,,Wisdom,Land of Wano/Kouzuki Clan,,4,"[Blocker] (After your opponent declares an attack, you may rest this card to make it the new target of the attack.)
[Activate: Main] [Once Per Turn] Give up to 1 rested DON!! card to your {Land of Wano} type Leader.",,"[""EB04-014"", ""Kozuki Sukiyaki""]","[""local-catalog"", ""official-cardlist"", ""local-corroboration""]",EB04-014,0,,,,,,,,0,,,0,{}
199,EB04-015,EB04,015,Adventure on Kami's Island,Jinbe,R,Green,Character,7,8000,,Strike,Fish-Man/Fish-Man Island/The Sun Pirates,,4,"[Blocker]
[On K.O.] You may rest 1 of your cards: If your Leader has the {Fish-Man} or {Merfolk} type, play up to 1 green Character card with a cost of 6 or less from your hand.",,"[""EB04-015"", ""Jinbe""]","[""local-catalog"", ""official-cardlist"", ""local-corroboration""]",EB04-015,0,,,,,,,,0,,,0,{}
200,EB04-016,EB04,016,Adventure on Kami's Island,Bird Neptunian,C,Green,Character,5,7000,,Strike,Neptunian,,4,"[Activate: Main] Set up to 1 of your DON!! cards as active. Then, you cannot set DON!! cards as active using Character effects during this turn.
[When Attacking] If you have 3 or more {Neptunian} type Characters, rest up to 1 of your opponent's Characters with a cost of 8 or less.",,"[""Bird Neptunian"", ""EB04-016""]","[""local-catalog"", ""official-cardlist"", ""local-corroboration""]",EB04-016,0,,,,,,,,0,,,0,{}
