id,source_name,market_product_id,market_group_id,market_category_id,product_name,clean_product_name,market_variant_label,market_set_name,market_set_code,market_number,rarity_market,subtype_support,active,url,image_url,raw_payload_json,created_at,updated_at
309,tcgcsv,453505,3188,68,Trafalgar Law (002),Trafalgar Law 002,,,OP01,OP01-002,L,0,1,https://www.tcgplayer.com/product/453505/one-piece-card-game-romance-dawn-trafalgar-law-002,,,2026-04-01 22:09:08,2026-04-01 22:09:08
310,tcgcsv,453506,3188,68,Monkey.D.Luffy (003) (Parallel),MonkeyDLuffy 003 Parallel,Parallel,,OP01,OP01-003,L,0,1,https://www.tcgplayer.com/product/453506/one-piece-card-game-romance-dawn-monkeydluffy-003-parallel,,,2026-04-01 22:09:08,2026-04-01 22:09:08
311,tcgcsv,453507,3188,68,Cavendish (Box Topper),Cavendish Box Topper,Box Topper,,OP01,OP01-008,C,0,1,https://www.tcgplayer.com/product/453507/one-piece-card-game-romance-dawn-cavendish-box-topper,,,2026-04-01 22:09:08,2026-04-01 22:09:08
312,tcgcsv,453508,3188,68,Monkey.D.Luffy (024),MonkeyDLuffy 024,,,OP01,OP01-024,SR,0,1,https://www.tcgplayer.com/product/453508/one-piece-card-game-romance-dawn-monkeydluffy-024,,,2026-04-01 22:09:08,2026-04-01 22:09:08
313,tcgcsv,453509,3188,68,Monkey.D.Luffy (024) (Parallel),MonkeyDLuffy 024 Parallel,Parallel,,OP01,OP01-024,SR,0,1,https://www.tcgplayer.com/product/453509/one-piece-card-game-romance-dawn-monkeydluffy-024-parallel,,,2026-04-01 22:09:08,2026-04-01 22:09:08
314,tcgcsv,453510,3188,68,Roronoa Zoro (025),Roronoa Zoro 025,,,OP01,OP01-025,SR,0,1,https://www.tcgplayer.com/product/453510/one-piece-card-game-romance-dawn-roronoa-zoro-025,,,2026-04-01 22:09:08,2026-04-01 22:09:08
315,tcgcsv,453511,3188,68,Roronoa Zoro (025) (Parallel),Roronoa Zoro 025 Parallel,Parallel,,OP01,OP01-025,SR,0,1,https://www.tcgplayer.com/product/453511/one-piece-card-game-romance-dawn-roronoa-zoro-025-parallel,,,2026-04-01 22:09:08,2026-04-01 22:09:08
316,tcgcsv,453512,3188,68,In Two Years!! At the Sabaody Archipelago!!,In Two Years At the Sabaody Archipelago,,,OP01,OP01-030,UC,0,1,https://www.tcgplayer.com/product/453512/one-piece-card-game-romance-dawn-in-two-years-at-the-sabaody-archipelago,,,2026-04-01 22:09:08,2026-04-01 22:09:08
317,tcgcsv,453513,3188,68,Inuarashi (Box Topper),Inuarashi Box Topper,Box Topper,,OP01,OP01-034,C,0,1,https://www.tcgplayer.com/product/453513/one-piece-card-game-romance-dawn-inuarashi-box-topper,,,2026-04-01 22:09:08,2026-04-01 22:09:08
318,tcgcsv,453514,3188,68,Kin'emon,Kinemon,,,OP01,OP01-040,SR,0,1,https://www.tcgplayer.com/product/453514/one-piece-card-game-romance-dawn-kinemon,,,2026-04-01 22:09:08,2026-04-01 22:09:08
319,tcgcsv,453515,3188,68,Trafalgar Law (047) (Parallel),Trafalgar Law 047 Parallel,Parallel,,OP01,OP01-047,SR,0,1,https://www.tcgplayer.com/product/453515/one-piece-card-game-romance-dawn-trafalgar-law-047-parallel,,,2026-04-01 22:09:08,2026-04-01 22:09:08
320,tcgcsv,453516,3188,68,Nekomamushi (Box Topper),Nekomamushi Box Topper,Box Topper,,OP01,OP01-048,C,0,1,https://www.tcgplayer.com/product/453516/one-piece-card-game-romance-dawn-nekomamushi-box-topper,,,2026-04-01 22:09:08,2026-04-01 22:09:08
321,tcgcsv,453517,3188,68,Kaido (061),Kaido 061,,,OP01,OP01-061,L,0,1,https://www.tcgplayer.com/product/453517/one-piece-card-game-romance-dawn-kaido-061,,,2026-04-01 22:09:08,2026-04-01 22:09:08
322,tcgcsv,453518,3188,68,Alvida (Box Topper),Alvida Box Topper,Box Topper,,OP01,OP01-064,C,0,1,https://www.tcgplayer.com/product/453518/one-piece-card-game-romance-dawn-alvida-box-topper,,,2026-04-01 22:09:08,2026-04-01 22:09:08
323,tcgcsv,453519,3188,68,Crocodile (067),Crocodile 067,,,OP01,OP01-067,SR,0,1,https://www.tcgplayer.com/product/453519/one-piece-card-game-romance-dawn-crocodile-067,,,2026-04-01 22:09:08,2026-04-01 22:09:08
324,tcgcsv,453520,3188,68,Perona (Box Topper),Perona Box Topper,Box Topper,,OP01,OP01-077,UC,0,1,https://www.tcgplayer.com/product/453520/one-piece-card-game-romance-dawn-perona-box-topper,,,2026-04-01 22:09:08,2026-04-01 22:09:08
325,tcgcsv,453521,3188,68,Kaido (094),Kaido 094,,,OP01,OP01-094,SR,0,1,https://www.tcgplayer.com/product/453521/one-piece-card-game-romance-dawn-kaido-094,,,2026-04-01 22:09:08,2026-04-01 22:09:08
326,tcgcsv,453522,3188,68,Who's.Who (Box Topper),WhosWho Box Topper,Box Topper,,OP01,OP01-109,UC,0,1,https://www.tcgplayer.com/product/453522/one-piece-card-game-romance-dawn-whoswho-box-topper,,,2026-04-01 22:09:08,2026-04-01 22:09:08
327,tcgcsv,454512,3188,68,Roronoa Zoro (001),Roronoa Zoro 001,,,OP01,OP01-001,L,0,1,https://www.tcgplayer.com/product/454512/one-piece-card-game-romance-dawn-roronoa-zoro-001,,,2026-04-01 22:09:08,2026-04-01 22:09:08
328,tcgcsv,454513,3188,68,Roronoa Zoro (001) (Parallel),Roronoa Zoro 001 Parallel,Parallel,,OP01,OP01-001,L,0,1,https://www.tcgplayer.com/product/454513/one-piece-card-game-romance-dawn-roronoa-zoro-001-parallel,,,2026-04-01 22:09:08,2026-04-01 22:09:08
329,tcgcsv,454514,3188,68,Trafalgar Law (002) (Parallel),Trafalgar Law 002 Parallel,Parallel,,OP01,OP01-002,L,0,1,https://www.tcgplayer.com/product/454514/one-piece-card-game-romance-dawn-trafalgar-law-002-parallel,,,2026-04-01 22:09:08,2026-04-01 22:09:08
330,tcgcsv,454515,3188,68,Monkey.D.Luffy (003),MonkeyDLuffy 003,,,OP01,OP01-003,L,0,1,https://www.tcgplayer.com/product/454515/one-piece-card-game-romance-dawn-monkeydluffy-003,,,2026-04-01 22:09:08,2026-04-01 22:09:08
331,tcgcsv,454516,3188,68,Usopp,Usopp,,,OP01,OP01-004,R,0,1,https://www.tcgplayer.com/product/454516/one-piece-card-game-romance-dawn-usopp,,,2026-04-01 22:09:08,2026-04-01 22:09:08
332,tcgcsv,454517,3188,68,Uta,Uta,,,OP01,OP01-005,R,0,1,https://www.tcgplayer.com/product/454517/one-piece-card-game-romance-dawn-uta,,,2026-04-01 22:09:08,2026-04-01 22:09:08
333,tcgcsv,454518,3188,68,Otama,Otama,,,OP01,OP01-006,UC,0,1,https://www.tcgplayer.com/product/454518/one-piece-card-game-romance-dawn-otama,,,2026-04-01 22:09:08,2026-04-01 22:09:08
334,tcgcsv,454519,3188,68,Caribou,Caribou,,,OP01,OP01-007,C,0,1,https://www.tcgplayer.com/product/454519/one-piece-card-game-romance-dawn-caribou,,,2026-04-01 22:09:08,2026-04-01 22:09:08
335,tcgcsv,454520,3188,68,Cavendish,Cavendish,,,OP01,OP01-008,C,0,1,https://www.tcgplayer.com/product/454520/one-piece-card-game-romance-dawn-cavendish,,,2026-04-01 22:09:08,2026-04-01 22:09:08
336,tcgcsv,454522,3188,68,Carrot,Carrot,,,OP01,OP01-009,C,0,1,https://www.tcgplayer.com/product/454522/one-piece-card-game-romance-dawn-carrot,,,2026-04-01 22:09:08,2026-04-01 22:09:08
337,tcgcsv,454525,3188,68,Komachiyo,Komachiyo,,,OP01,OP01-010,C,0,1,https://www.tcgplayer.com/product/454525/one-piece-card-game-romance-dawn-komachiyo,,,2026-04-01 22:09:08,2026-04-01 22:09:08
338,tcgcsv,454526,3188,68,Gordon,Gordon,,,OP01,OP01-011,UC,0,1,https://www.tcgplayer.com/product/454526/one-piece-card-game-romance-dawn-gordon,,,2026-04-01 22:09:08,2026-04-01 22:09:08
339,tcgcsv,454527,3188,68,Sai,Sai,,,OP01,OP01-012,C,0,1,https://www.tcgplayer.com/product/454527/one-piece-card-game-romance-dawn-sai,,,2026-04-01 22:09:08,2026-04-01 22:09:08
340,tcgcsv,454529,3188,68,Sanji,Sanji,,,OP01,OP01-013,R,0,1,https://www.tcgplayer.com/product/454529/one-piece-card-game-romance-dawn-sanji,,,2026-04-01 22:09:08,2026-04-01 22:09:08
341,tcgcsv,454530,3188,68,Sanji (Parallel),Sanji Parallel,Parallel,,OP01,OP01-013,R,0,1,https://www.tcgplayer.com/product/454530/one-piece-card-game-romance-dawn-sanji-parallel,,,2026-04-01 22:09:08,2026-04-01 22:09:08
342,tcgcsv,454532,3188,68,Jinbe (014),Jinbe 014,,,OP01,OP01-014,UC,0,1,https://www.tcgplayer.com/product/454532/one-piece-card-game-romance-dawn-jinbe-014,,,2026-04-01 22:09:08,2026-04-01 22:09:08
343,tcgcsv,454533,3188,68,Tony Tony.Chopper,Tony TonyChopper,,,OP01,OP01-015,UC,0,1,https://www.tcgplayer.com/product/454533/one-piece-card-game-romance-dawn-tony-tonychopper,,,2026-04-01 22:09:08,2026-04-01 22:09:08
344,tcgcsv,454534,3188,68,Nami,Nami,,,OP01,OP01-016,R,0,1,https://www.tcgplayer.com/product/454534/one-piece-card-game-romance-dawn-nami,,,2026-04-01 22:09:08,2026-04-01 22:09:08
345,tcgcsv,454536,3188,68,Nami (Parallel),Nami Parallel,Parallel,,OP01,OP01-016,R,0,1,https://www.tcgplayer.com/product/454536/one-piece-card-game-romance-dawn-nami-parallel,,,2026-04-01 22:09:08,2026-04-01 22:09:08
346,tcgcsv,454538,3188,68,Nico Robin,Nico Robin,,,OP01,OP01-017,R,0,1,https://www.tcgplayer.com/product/454538/one-piece-card-game-romance-dawn-nico-robin,,,2026-04-01 22:09:08,2026-04-01 22:09:08
347,tcgcsv,454540,3188,68,Hajrudin,Hajrudin,,,OP01,OP01-018,C,0,1,https://www.tcgplayer.com/product/454540/one-piece-card-game-romance-dawn-hajrudin,,,2026-04-01 22:09:08,2026-04-01 22:09:08
348,tcgcsv,454542,3188,68,Bartolomeo,Bartolomeo,,,OP01,OP01-019,C,0,1,https://www.tcgplayer.com/product/454542/one-piece-card-game-romance-dawn-bartolomeo,,,2026-04-01 22:09:08,2026-04-01 22:09:08
349,tcgcsv,454543,3188,68,Hyogoro,Hyogoro,,,OP01,OP01-020,C,0,1,https://www.tcgplayer.com/product/454543/one-piece-card-game-romance-dawn-hyogoro,,,2026-04-01 22:09:08,2026-04-01 22:09:08
350,tcgcsv,454544,3188,68,Franky,Franky,,,OP01,OP01-021,UC,0,1,https://www.tcgplayer.com/product/454544/one-piece-card-game-romance-dawn-franky,,,2026-04-01 22:09:08,2026-04-01 22:09:08
351,tcgcsv,454545,3188,68,Brook,Brook,,,OP01,OP01-022,UC,0,1,https://www.tcgplayer.com/product/454545/one-piece-card-game-romance-dawn-brook,,,2026-04-01 22:09:08,2026-04-01 22:09:08
352,tcgcsv,454546,3188,68,Marco,Marco,,,OP01,OP01-023,C,0,1,https://www.tcgplayer.com/product/454546/one-piece-card-game-romance-dawn-marco,,,2026-04-01 22:09:08,2026-04-01 22:09:08
353,tcgcsv,454547,3188,68,Gum-Gum Fire-Fist Pistol Red Hawk,Gum Gum Fire Fist Pistol Red Hawk,,,OP01,OP01-026,R,0,1,https://www.tcgplayer.com/product/454547/one-piece-card-game-romance-dawn-gum-gum-fire-fist-pistol-red-hawk,,,2026-04-01 22:09:08,2026-04-01 22:09:08
354,tcgcsv,454548,3188,68,Round Table,Round Table,,,OP01,OP01-027,C,0,1,https://www.tcgplayer.com/product/454548/one-piece-card-game-romance-dawn-round-table,,,2026-04-01 22:09:08,2026-04-01 22:09:08
355,tcgcsv,454549,3188,68,Green Star Rafflesia,Green Star Rafflesia,,,OP01,OP01-028,C,0,1,https://www.tcgplayer.com/product/454549/one-piece-card-game-romance-dawn-green-star-rafflesia,,,2026-04-01 22:09:08,2026-04-01 22:09:08
356,tcgcsv,454550,3188,68,Radical Beam!!,Radical Beam,,,OP01,OP01-029,UC,0,1,https://www.tcgplayer.com/product/454550/one-piece-card-game-romance-dawn-radical-beam,,,2026-04-01 22:09:08,2026-04-01 22:09:08
357,tcgcsv,454551,3188,68,Kouzuki Oden,Kouzuki Oden,,,OP01,OP01-031,L,0,1,https://www.tcgplayer.com/product/454551/one-piece-card-game-romance-dawn-kouzuki-oden,,,2026-04-01 22:09:08,2026-04-01 22:09:08
358,tcgcsv,454552,3188,68,Kouzuki Oden (Parallel),Kouzuki Oden Parallel,Parallel,,OP01,OP01-031,L,0,1,https://www.tcgplayer.com/product/454552/one-piece-card-game-romance-dawn-kouzuki-oden-parallel,,,2026-04-01 22:09:08,2026-04-01 22:09:08
359,tcgcsv,454553,3188,68,Ashura Doji,Ashura Doji,,,OP01,OP01-032,UC,0,1,https://www.tcgplayer.com/product/454553/one-piece-card-game-romance-dawn-ashura-doji,,,2026-04-01 22:09:08,2026-04-01 22:09:08
360,tcgcsv,454554,3188,68,Izo,Izo,,,OP01,OP01-033,UC,0,1,https://www.tcgplayer.com/product/454554/one-piece-card-game-romance-dawn-izo,,,2026-04-01 22:09:08,2026-04-01 22:09:08
361,tcgcsv,454555,3188,68,Inuarashi,Inuarashi,,,OP01,OP01-034,C,0,1,https://www.tcgplayer.com/product/454555/one-piece-card-game-romance-dawn-inuarashi,,,2026-04-01 22:09:08,2026-04-01 22:09:08
362,tcgcsv,454556,3188,68,Okiku,Okiku,,,OP01,OP01-035,R,0,1,https://www.tcgplayer.com/product/454556/one-piece-card-game-romance-dawn-okiku,,,2026-04-01 22:09:08,2026-04-01 22:09:08
363,tcgcsv,454558,3188,68,Otsuru,Otsuru,,,OP01,OP01-036,C,0,1,https://www.tcgplayer.com/product/454558/one-piece-card-game-romance-dawn-otsuru,,,2026-04-01 22:09:08,2026-04-01 22:09:08
364,tcgcsv,454560,3188,68,Kawamatsu,Kawamatsu,,,OP01,OP01-037,C,0,1,https://www.tcgplayer.com/product/454560/one-piece-card-game-romance-dawn-kawamatsu,,,2026-04-01 22:09:08,2026-04-01 22:09:08
365,tcgcsv,454562,3188,68,Kanjuro,Kanjuro,,,OP01,OP01-038,C,0,1,https://www.tcgplayer.com/product/454562/one-piece-card-game-romance-dawn-kanjuro,,,2026-04-01 22:09:08,2026-04-01 22:09:08
366,tcgcsv,454563,3188,68,Killer,Killer,,,OP01,OP01-039,UC,0,1,https://www.tcgplayer.com/product/454563/one-piece-card-game-romance-dawn-killer,,,2026-04-01 22:09:08,2026-04-01 22:09:08
367,tcgcsv,454564,3188,68,Kin'emon (Parallel),Kinemon Parallel,Parallel,,OP01,OP01-040,SR,0,1,https://www.tcgplayer.com/product/454564/one-piece-card-game-romance-dawn-kinemon-parallel,,,2026-04-01 22:09:08,2026-04-01 22:09:08
368,tcgcsv,454565,3188,68,Kouzuki Momonosuke,Kouzuki Momonosuke,,,OP01,OP01-041,R,0,1,https://www.tcgplayer.com/product/454565/one-piece-card-game-romance-dawn-kouzuki-momonosuke,,,2026-04-01 22:09:08,2026-04-01 22:09:08
369,tcgcsv,454566,3188,68,Komurasaki,Komurasaki,,,OP01,OP01-042,UC,0,1,https://www.tcgplayer.com/product/454566/one-piece-card-game-romance-dawn-komurasaki,,,2026-04-01 22:09:08,2026-04-01 22:09:08
370,tcgcsv,454567,3188,68,Shinobu,Shinobu,,,OP01,OP01-043,C,0,1,https://www.tcgplayer.com/product/454567/one-piece-card-game-romance-dawn-shinobu,,,2026-04-01 22:09:08,2026-04-01 22:09:08
371,tcgcsv,454568,3188,68,Shachi,Shachi,,,OP01,OP01-044,C,0,1,https://www.tcgplayer.com/product/454568/one-piece-card-game-romance-dawn-shachi,,,2026-04-01 22:09:08,2026-04-01 22:09:08
372,tcgcsv,454569,3188,68,Jean Bart,Jean Bart,,,OP01,OP01-045,C,0,1,https://www.tcgplayer.com/product/454569/one-piece-card-game-romance-dawn-jean-bart,,,2026-04-01 22:09:08,2026-04-01 22:09:08
373,tcgcsv,454570,3188,68,Denjiro,Denjiro,,,OP01,OP01-046,R,0,1,https://www.tcgplayer.com/product/454570/one-piece-card-game-romance-dawn-denjiro,,,2026-04-01 22:09:08,2026-04-01 22:09:08
374,tcgcsv,454571,3188,68,Trafalgar Law (047),Trafalgar Law 047,,,OP01,OP01-047,SR,0,1,https://www.tcgplayer.com/product/454571/one-piece-card-game-romance-dawn-trafalgar-law-047,,,2026-04-01 22:09:08,2026-04-01 22:09:08
375,tcgcsv,454572,3188,68,Nekomamushi,Nekomamushi,,,OP01,OP01-048,C,0,1,https://www.tcgplayer.com/product/454572/one-piece-card-game-romance-dawn-nekomamushi,,,2026-04-01 22:09:08,2026-04-01 22:09:08
376,tcgcsv,454573,3188,68,Bepo,Bepo,,,OP01,OP01-049,R,0,1,https://www.tcgplayer.com/product/454573/one-piece-card-game-romance-dawn-bepo,,,2026-04-01 22:09:08,2026-04-01 22:09:08
377,tcgcsv,454574,3188,68,Penguin,Penguin,,,OP01,OP01-050,C,0,1,https://www.tcgplayer.com/product/454574/one-piece-card-game-romance-dawn-penguin,,,2026-04-01 22:09:08,2026-04-01 22:09:08
378,tcgcsv,454575,3188,68,"Eustass""Captain""Kid",EustassCaptainKid,,,OP01,OP01-051,SR,0,1,https://www.tcgplayer.com/product/454575/one-piece-card-game-romance-dawn-eustasscaptainkid,,,2026-04-01 22:09:08,2026-04-01 22:09:08
379,tcgcsv,454576,3188,68,"Eustass""Captain""Kid (Parallel)",EustassCaptainKid Parallel,Parallel,,OP01,OP01-051,SR,0,1,https://www.tcgplayer.com/product/454576/one-piece-card-game-romance-dawn-eustasscaptainkid-parallel,,,2026-04-01 22:09:08,2026-04-01 22:09:08
380,tcgcsv,454577,3188,68,Raizo,Raizo,,,OP01,OP01-052,UC,0,1,https://www.tcgplayer.com/product/454577/one-piece-card-game-romance-dawn-raizo,,,2026-04-01 22:09:08,2026-04-01 22:09:08
381,tcgcsv,454578,3188,68,Wire,Wire,,,OP01,OP01-053,C,0,1,https://www.tcgplayer.com/product/454578/one-piece-card-game-romance-dawn-wire,,,2026-04-01 22:09:08,2026-04-01 22:09:08
382,tcgcsv,454579,3188,68,X.Drake (054),XDrake 054,,,OP01,OP01-054,R,0,1,https://www.tcgplayer.com/product/454579/one-piece-card-game-romance-dawn-xdrake-054,,,2026-04-01 22:09:08,2026-04-01 22:09:08
383,tcgcsv,454580,3188,68,You Can Be My Samurai!!,You Can Be My Samurai,,,OP01,OP01-055,C,0,1,https://www.tcgplayer.com/product/454580/one-piece-card-game-romance-dawn-you-can-be-my-samurai,,,2026-04-01 22:09:08,2026-04-01 22:09:08
384,tcgcsv,454581,3188,68,Demon Face,Demon Face,,,OP01,OP01-056,UC,0,1,https://www.tcgplayer.com/product/454581/one-piece-card-game-romance-dawn-demon-face,,,2026-04-01 22:09:08,2026-04-01 22:09:08
385,tcgcsv,454582,3188,68,Paradise Waterfall,Paradise Waterfall,,,OP01,OP01-057,UC,0,1,https://www.tcgplayer.com/product/454582/one-piece-card-game-romance-dawn-paradise-waterfall,,,2026-04-01 22:09:08,2026-04-01 22:09:08
386,tcgcsv,454583,3188,68,Punk Gibson,Punk Gibson,,,OP01,OP01-058,R,0,1,https://www.tcgplayer.com/product/454583/one-piece-card-game-romance-dawn-punk-gibson,,,2026-04-01 22:09:08,2026-04-01 22:09:08
387,tcgcsv,454584,3188,68,BE-BENG!!,BE BENG,,,OP01,OP01-059,C,0,1,https://www.tcgplayer.com/product/454584/one-piece-card-game-romance-dawn-be-beng,,,2026-04-01 22:09:08,2026-04-01 22:09:08
388,tcgcsv,454585,3188,68,Donquixote Doflamingo (060),Donquixote Doflamingo 060,,,OP01,OP01-060,L,0,1,https://www.tcgplayer.com/product/454585/one-piece-card-game-romance-dawn-donquixote-doflamingo-060,,,2026-04-01 22:09:08,2026-04-01 22:09:08
389,tcgcsv,454586,3188,68,Donquixote Doflamingo (060) (Parallel),Donquixote Doflamingo 060 Parallel,Parallel,,OP01,OP01-060,L,0,1,https://www.tcgplayer.com/product/454586/one-piece-card-game-romance-dawn-donquixote-doflamingo-060-parallel,,,2026-04-01 22:09:08,2026-04-01 22:09:08
390,tcgcsv,454587,3188,68,Kaido (061) (Parallel),Kaido 061 Parallel,Parallel,,OP01,OP01-061,L,0,1,https://www.tcgplayer.com/product/454587/one-piece-card-game-romance-dawn-kaido-061-parallel,,,2026-04-01 22:09:08,2026-04-01 22:09:08
391,tcgcsv,454588,3188,68,Crocodile (062),Crocodile 062,,,OP01,OP01-062,L,0,1,https://www.tcgplayer.com/product/454588/one-piece-card-game-romance-dawn-crocodile-062,,,2026-04-01 22:09:08,2026-04-01 22:09:08
392,tcgcsv,454589,3188,68,Crocodile (062) (Parallel),Crocodile 062 Parallel,Parallel,,OP01,OP01-062,L,0,1,https://www.tcgplayer.com/product/454589/one-piece-card-game-romance-dawn-crocodile-062-parallel,,,2026-04-01 22:09:08,2026-04-01 22:09:08
393,tcgcsv,454590,3188,68,Arlong,Arlong,,,OP01,OP01-063,UC,0,1,https://www.tcgplayer.com/product/454590/one-piece-card-game-romance-dawn-arlong,,,2026-04-01 22:09:08,2026-04-01 22:09:08
394,tcgcsv,454591,3188,68,Alvida,Alvida,,,OP01,OP01-064,C,0,1,https://www.tcgplayer.com/product/454591/one-piece-card-game-romance-dawn-alvida,,,2026-04-01 22:09:08,2026-04-01 22:09:08
395,tcgcsv,454592,3188,68,Vergo,Vergo,,,OP01,OP01-065,C,0,1,https://www.tcgplayer.com/product/454592/one-piece-card-game-romance-dawn-vergo,,,2026-04-01 22:09:08,2026-04-01 22:09:08
396,tcgcsv,454593,3188,68,Krieg,Krieg,,,OP01,OP01-066,C,0,1,https://www.tcgplayer.com/product/454593/one-piece-card-game-romance-dawn-krieg,,,2026-04-01 22:09:08,2026-04-01 22:09:08
397,tcgcsv,454594,3188,68,Crocodile (067) (Parallel),Crocodile 067 Parallel,Parallel,,OP01,OP01-067,SR,0,1,https://www.tcgplayer.com/product/454594/one-piece-card-game-romance-dawn-crocodile-067-parallel,,,2026-04-01 22:09:08,2026-04-01 22:09:08
398,tcgcsv,454596,3188,68,Gecko Moria,Gecko Moria,,,OP01,OP01-068,R,0,1,https://www.tcgplayer.com/product/454596/one-piece-card-game-romance-dawn-gecko-moria,,,2026-04-01 22:09:08,2026-04-01 22:09:08
399,tcgcsv,454597,3188,68,Caesar Clown,Caesar Clown,,,OP01,OP01-069,R,0,1,https://www.tcgplayer.com/product/454597/one-piece-card-game-romance-dawn-caesar-clown,,,2026-04-01 22:09:08,2026-04-01 22:09:08
400,tcgcsv,454598,3188,68,Dracule Mihawk,Dracule Mihawk,,,OP01,OP01-070,SR,0,1,https://www.tcgplayer.com/product/454598/one-piece-card-game-romance-dawn-dracule-mihawk,,,2026-04-01 22:09:08,2026-04-01 22:09:08
401,tcgcsv,454599,3188,68,Dracule Mihawk (Parallel),Dracule Mihawk Parallel,Parallel,,OP01,OP01-070,SR,0,1,https://www.tcgplayer.com/product/454599/one-piece-card-game-romance-dawn-dracule-mihawk-parallel,,,2026-04-01 22:09:08,2026-04-01 22:09:08
402,tcgcsv,454600,3188,68,Jinbe (071),Jinbe 071,,,OP01,OP01-071,R,0,1,https://www.tcgplayer.com/product/454600/one-piece-card-game-romance-dawn-jinbe-071,,,2026-04-01 22:09:08,2026-04-01 22:09:08
403,tcgcsv,454601,3188,68,Smiley,Smiley,,,OP01,OP01-072,C,0,1,https://www.tcgplayer.com/product/454601/one-piece-card-game-romance-dawn-smiley,,,2026-04-01 22:09:08,2026-04-01 22:09:08
404,tcgcsv,454602,3188,68,Donquixote Doflamingo (073),Donquixote Doflamingo 073,,,OP01,OP01-073,R,0,1,https://www.tcgplayer.com/product/454602/one-piece-card-game-romance-dawn-donquixote-doflamingo-073,,,2026-04-01 22:09:08,2026-04-01 22:09:08
405,tcgcsv,454603,3188,68,Donquixote Doflamingo (073) (Parallel),Donquixote Doflamingo 073 Parallel,Parallel,,OP01,OP01-073,R,0,1,https://www.tcgplayer.com/product/454603/one-piece-card-game-romance-dawn-donquixote-doflamingo-073-parallel,,,2026-04-01 22:09:08,2026-04-01 22:09:08
406,tcgcsv,454604,3188,68,Bartholomew Kuma,Bartholomew Kuma,,,OP01,OP01-074,R,0,1,https://www.tcgplayer.com/product/454604/one-piece-card-game-romance-dawn-bartholomew-kuma,,,2026-04-01 22:09:08,2026-04-01 22:09:08
407,tcgcsv,454605,3188,68,Pacifista,Pacifista,,,OP01,OP01-075,C,0,1,https://www.tcgplayer.com/product/454605/one-piece-card-game-romance-dawn-pacifista,,,2026-04-01 22:09:08,2026-04-01 22:09:08
408,tcgcsv,454606,3188,68,Bellamy,Bellamy,,,OP01,OP01-076,C,0,1,https://www.tcgplayer.com/product/454606/one-piece-card-game-romance-dawn-bellamy,,,2026-04-01 22:09:08,2026-04-01 22:09:08
409,tcgcsv,454607,3188,68,Perona,Perona,,,OP01,OP01-077,UC,0,1,https://www.tcgplayer.com/product/454607/one-piece-card-game-romance-dawn-perona,,,2026-04-01 22:09:08,2026-04-01 22:09:08
410,tcgcsv,454608,3188,68,Boa Hancock,Boa Hancock,,,OP01,OP01-078,SR,0,1,https://www.tcgplayer.com/product/454608/one-piece-card-game-romance-dawn-boa-hancock,,,2026-04-01 22:09:08,2026-04-01 22:09:08
411,tcgcsv,454609,3188,68,Boa Hancock (Parallel),Boa Hancock Parallel,Parallel,,OP01,OP01-078,SR,0,1,https://www.tcgplayer.com/product/454609/one-piece-card-game-romance-dawn-boa-hancock-parallel,,,2026-04-01 22:09:08,2026-04-01 22:09:08
412,tcgcsv,454610,3188,68,Ms. All Sunday,Ms All Sunday,,,OP01,OP01-079,R,0,1,https://www.tcgplayer.com/product/454610/one-piece-card-game-romance-dawn-ms-all-sunday,,,2026-04-01 22:09:08,2026-04-01 22:09:08
413,tcgcsv,454611,3188,68,Miss Doublefinger(Zala),Miss DoublefingerZala,Zala,,OP01,OP01-080,C,0,1,https://www.tcgplayer.com/product/454611/one-piece-card-game-romance-dawn-miss-doublefingerzala,,,2026-04-01 22:09:08,2026-04-01 22:09:08
414,tcgcsv,454612,3188,68,Mocha,Mocha,,,OP01,OP01-081,C,0,1,https://www.tcgplayer.com/product/454612/one-piece-card-game-romance-dawn-mocha,,,2026-04-01 22:09:08,2026-04-01 22:09:08
415,tcgcsv,454613,3188,68,Monet,Monet,,,OP01,OP01-082,C,0,1,https://www.tcgplayer.com/product/454613/one-piece-card-game-romance-dawn-monet,,,2026-04-01 22:09:08,2026-04-01 22:09:08
416,tcgcsv,454614,3188,68,Mr.1 (Daz.Bonez),Mr1 DazBonez,Daz.Bonez,,OP01,OP01-083,UC,0,1,https://www.tcgplayer.com/product/454614/one-piece-card-game-romance-dawn-mr1-dazbonez,,,2026-04-01 22:09:08,2026-04-01 22:09:08
417,tcgcsv,454615,3188,68,Mr.2.Bon.Kurei (Bentham),Mr2BonKurei Bentham,Bentham,,OP01,OP01-084,UC,0,1,https://www.tcgplayer.com/product/454615/one-piece-card-game-romance-dawn-mr2bonkurei-bentham,,,2026-04-01 22:09:08,2026-04-01 22:09:08
418,tcgcsv,454616,3188,68,Mr.3 (Galdino),Mr3 Galdino,Galdino,,OP01,OP01-085,UC,0,1,https://www.tcgplayer.com/product/454616/one-piece-card-game-romance-dawn-mr3-galdino,,,2026-04-01 22:09:08,2026-04-01 22:09:08
419,tcgcsv,454617,3188,68,Overheat,Overheat,,,OP01,OP01-086,R,0,1,https://www.tcgplayer.com/product/454617/one-piece-card-game-romance-dawn-overheat,,,2026-04-01 22:09:08,2026-04-01 22:09:08
420,tcgcsv,454618,3188,68,Officer Agents,Officer Agents,,,OP01,OP01-087,C,0,1,https://www.tcgplayer.com/product/454618/one-piece-card-game-romance-dawn-officer-agents,,,2026-04-01 22:09:08,2026-04-01 22:09:08
421,tcgcsv,454619,3188,68,Desert Spada,Desert Spada,,,OP01,OP01-088,UC,0,1,https://www.tcgplayer.com/product/454619/one-piece-card-game-romance-dawn-desert-spada,,,2026-04-01 22:09:08,2026-04-01 22:09:08
422,tcgcsv,454620,3188,68,Crescent Cutlass,Crescent Cutlass,,,OP01,OP01-089,C,0,1,https://www.tcgplayer.com/product/454620/one-piece-card-game-romance-dawn-crescent-cutlass,,,2026-04-01 22:09:08,2026-04-01 22:09:08
423,tcgcsv,454621,3188,68,Baroque Works,Baroque Works,,,OP01,OP01-090,UC,0,1,https://www.tcgplayer.com/product/454621/one-piece-card-game-romance-dawn-baroque-works,,,2026-04-01 22:09:08,2026-04-01 22:09:08
424,tcgcsv,454622,3188,68,King (091),King 091,,,OP01,OP01-091,L,0,1,https://www.tcgplayer.com/product/454622/one-piece-card-game-romance-dawn-king-091,,,2026-04-01 22:09:08,2026-04-01 22:09:08
425,tcgcsv,454623,3188,68,King (091) (Parallel),King 091 Parallel,Parallel,,OP01,OP01-091,L,0,1,https://www.tcgplayer.com/product/454623/one-piece-card-game-romance-dawn-king-091-parallel,,,2026-04-01 22:09:08,2026-04-01 22:09:08
426,tcgcsv,454624,3188,68,Urashima,Urashima,,,OP01,OP01-092,C,0,1,https://www.tcgplayer.com/product/454624/one-piece-card-game-romance-dawn-urashima,,,2026-04-01 22:09:08,2026-04-01 22:09:08
427,tcgcsv,454625,3188,68,Ulti,Ulti,,,OP01,OP01-093,R,0,1,https://www.tcgplayer.com/product/454625/one-piece-card-game-romance-dawn-ulti,,,2026-04-01 22:09:08,2026-04-01 22:09:08
428,tcgcsv,454626,3188,68,Ulti (Parallel),Ulti Parallel,Parallel,,OP01,OP01-093,R,0,1,https://www.tcgplayer.com/product/454626/one-piece-card-game-romance-dawn-ulti-parallel,,,2026-04-01 22:09:08,2026-04-01 22:09:08
429,tcgcsv,454627,3188,68,Kaido (094) (Parallel),Kaido 094 Parallel,Parallel,,OP01,OP01-094,SR,0,1,https://www.tcgplayer.com/product/454627/one-piece-card-game-romance-dawn-kaido-094-parallel,,,2026-04-01 22:09:08,2026-04-01 22:09:08
430,tcgcsv,454628,3188,68,Kyoshirou,Kyoshirou,,,OP01,OP01-095,UC,0,1,https://www.tcgplayer.com/product/454628/one-piece-card-game-romance-dawn-kyoshirou,,,2026-04-01 22:09:08,2026-04-01 22:09:08
431,tcgcsv,454629,3188,68,King (096),King 096,,,OP01,OP01-096,SR,0,1,https://www.tcgplayer.com/product/454629/one-piece-card-game-romance-dawn-king-096,,,2026-04-01 22:09:08,2026-04-01 22:09:08
432,tcgcsv,454630,3188,68,King (096) (Parallel),King 096 Parallel,Parallel,,OP01,OP01-096,SR,0,1,https://www.tcgplayer.com/product/454630/one-piece-card-game-romance-dawn-king-096-parallel,,,2026-04-01 22:09:08,2026-04-01 22:09:08
433,tcgcsv,454631,3188,68,Queen,Queen,,,OP01,OP01-097,R,0,1,https://www.tcgplayer.com/product/454631/one-piece-card-game-romance-dawn-queen,,,2026-04-01 22:09:08,2026-04-01 22:09:08
434,tcgcsv,454632,3188,68,Queen (Parallel),Queen Parallel,Parallel,,OP01,OP01-097,R,0,1,https://www.tcgplayer.com/product/454632/one-piece-card-game-romance-dawn-queen-parallel,,,2026-04-01 22:09:08,2026-04-01 22:09:08
435,tcgcsv,454633,3188,68,Kurozumi Orochi,Kurozumi Orochi,,,OP01,OP01-098,UC,0,1,https://www.tcgplayer.com/product/454633/one-piece-card-game-romance-dawn-kurozumi-orochi,,,2026-04-01 22:09:08,2026-04-01 22:09:08
436,tcgcsv,454634,3188,68,Kurozumi Semimaru,Kurozumi Semimaru,,,OP01,OP01-099,C,0,1,https://www.tcgplayer.com/product/454634/one-piece-card-game-romance-dawn-kurozumi-semimaru,,,2026-04-01 22:09:08,2026-04-01 22:09:08
437,tcgcsv,454635,3188,68,Kurozumi Higurashi,Kurozumi Higurashi,,,OP01,OP01-100,C,0,1,https://www.tcgplayer.com/product/454635/one-piece-card-game-romance-dawn-kurozumi-higurashi,,,2026-04-01 22:09:08,2026-04-01 22:09:08
438,tcgcsv,454636,3188,68,Sasaki,Sasaki,,,OP01,OP01-101,UC,0,1,https://www.tcgplayer.com/product/454636/one-piece-card-game-romance-dawn-sasaki,,,2026-04-01 22:09:08,2026-04-01 22:09:08
439,tcgcsv,454637,3188,68,Jack,Jack,,,OP01,OP01-102,R,0,1,https://www.tcgplayer.com/product/454637/one-piece-card-game-romance-dawn-jack,,,2026-04-01 22:09:08,2026-04-01 22:09:08
440,tcgcsv,454638,3188,68,Jack (Parallel),Jack Parallel,Parallel,,OP01,OP01-102,R,0,1,https://www.tcgplayer.com/product/454638/one-piece-card-game-romance-dawn-jack-parallel,,,2026-04-01 22:09:08,2026-04-01 22:09:08
441,tcgcsv,454639,3188,68,Scratchmen Apoo,Scratchmen Apoo,,,OP01,OP01-103,C,0,1,https://www.tcgplayer.com/product/454639/one-piece-card-game-romance-dawn-scratchmen-apoo,,,2026-04-01 22:09:08,2026-04-01 22:09:08
442,tcgcsv,454640,3188,68,Speed,Speed,,,OP01,OP01-104,C,0,1,https://www.tcgplayer.com/product/454640/one-piece-card-game-romance-dawn-speed,,,2026-04-01 22:09:08,2026-04-01 22:09:08
443,tcgcsv,454641,3188,68,Bao Huang,Bao Huang,,,OP01,OP01-105,C,0,1,https://www.tcgplayer.com/product/454641/one-piece-card-game-romance-dawn-bao-huang,,,2026-04-01 22:09:08,2026-04-01 22:09:08
444,tcgcsv,454642,3188,68,Basil Hawkins,Basil Hawkins,,,OP01,OP01-106,UC,0,1,https://www.tcgplayer.com/product/454642/one-piece-card-game-romance-dawn-basil-hawkins,,,2026-04-01 22:09:08,2026-04-01 22:09:08
445,tcgcsv,454643,3188,68,Babanuki,Babanuki,,,OP01,OP01-107,C,0,1,https://www.tcgplayer.com/product/454643/one-piece-card-game-romance-dawn-babanuki,,,2026-04-01 22:09:08,2026-04-01 22:09:08
446,tcgcsv,454644,3188,68,Who's.Who,WhosWho,,,OP01,OP01-109,UC,0,1,https://www.tcgplayer.com/product/454644/one-piece-card-game-romance-dawn-whoswho,,,2026-04-01 22:09:08,2026-04-01 22:09:08
447,tcgcsv,454645,3188,68,Fukurokuju,Fukurokuju,,,OP01,OP01-110,C,0,1,https://www.tcgplayer.com/product/454645/one-piece-card-game-romance-dawn-fukurokuju,,,2026-04-01 22:09:08,2026-04-01 22:09:08
448,tcgcsv,454646,3188,68,Black Maria,Black Maria,,,OP01,OP01-111,R,0,1,https://www.tcgplayer.com/product/454646/one-piece-card-game-romance-dawn-black-maria,,,2026-04-01 22:09:08,2026-04-01 22:09:08
449,tcgcsv,454648,3188,68,Page One,Page One,,,OP01,OP01-112,R,0,1,https://www.tcgplayer.com/product/454648/one-piece-card-game-romance-dawn-page-one,,,2026-04-01 22:09:08,2026-04-01 22:09:08
450,tcgcsv,454651,3188,68,Holedem,Holedem,,,OP01,OP01-113,C,0,1,https://www.tcgplayer.com/product/454651/one-piece-card-game-romance-dawn-holedem,,,2026-04-01 22:09:08,2026-04-01 22:09:08
451,tcgcsv,454652,3188,68,X.Drake (114),XDrake 114,,,OP01,OP01-114,R,0,1,https://www.tcgplayer.com/product/454652/one-piece-card-game-romance-dawn-xdrake-114,,,2026-04-01 22:09:08,2026-04-01 22:09:08
452,tcgcsv,454659,3188,68,Elephant's Marchoo,Elephants Marchoo,,,OP01,OP01-115,C,0,1,https://www.tcgplayer.com/product/454659/one-piece-card-game-romance-dawn-elephants-marchoo,,,2026-04-01 22:09:08,2026-04-01 22:09:08
453,tcgcsv,454660,3188,68,Artificial Devil Fruit SMILE,Artificial Devil Fruit SMILE,,,OP01,OP01-116,UC,0,1,https://www.tcgplayer.com/product/454660/one-piece-card-game-romance-dawn-artificial-devil-fruit-smile,,,2026-04-01 22:09:08,2026-04-01 22:09:08
454,tcgcsv,454661,3188,68,Sheep's Horn,Sheeps Horn,,,OP01,OP01-117,C,0,1,https://www.tcgplayer.com/product/454661/one-piece-card-game-romance-dawn-sheeps-horn,,,2026-04-01 22:09:08,2026-04-01 22:09:08
455,tcgcsv,454662,3188,68,Ulti-Mortar,Ulti Mortar,,,OP01,OP01-118,UC,0,1,https://www.tcgplayer.com/product/454662/one-piece-card-game-romance-dawn-ulti-mortar,,,2026-04-01 22:09:08,2026-04-01 22:09:08
456,tcgcsv,454663,3188,68,Thunder Bagua,Thunder Bagua,,,OP01,OP01-119,R,0,1,https://www.tcgplayer.com/product/454663/one-piece-card-game-romance-dawn-thunder-bagua,,,2026-04-01 22:09:08,2026-04-01 22:09:08
457,tcgcsv,454664,3188,68,Shanks,Shanks,,,OP01,OP01-120,SEC,0,1,https://www.tcgplayer.com/product/454664/one-piece-card-game-romance-dawn-shanks,,,2026-04-01 22:09:08,2026-04-01 22:09:08
458,tcgcsv,454665,3188,68,Shanks (Parallel),Shanks Parallel,Parallel,,OP01,OP01-120,SEC,0,1,https://www.tcgplayer.com/product/454665/one-piece-card-game-romance-dawn-shanks-parallel,,,2026-04-01 22:09:08,2026-04-01 22:09:08
459,tcgcsv,454666,3188,68,Shanks (Parallel) (Manga) (Alternate Art),Shanks Parallel Manga Alternate Art,Parallel Manga Alternate Art,,OP01,OP01-120,SEC,0,1,https://www.tcgplayer.com/product/454666/one-piece-card-game-romance-dawn-shanks-parallel-manga-alternate-art,,,2026-04-01 22:09:08,2026-04-01 22:09:08
460,tcgcsv,454667,3188,68,Yamato,Yamato,,,OP01,OP01-121,SEC,0,1,https://www.tcgplayer.com/product/454667/one-piece-card-game-romance-dawn-yamato,,,2026-04-01 22:09:08,2026-04-01 22:09:08
461,tcgcsv,454669,3188,68,Yamato (Parallel),Yamato Parallel,Parallel,,OP01,OP01-121,SEC,0,1,https://www.tcgplayer.com/product/454669/one-piece-card-game-romance-dawn-yamato-parallel,,,2026-04-01 22:09:08,2026-04-01 22:09:08
462,tcgcsv,455808,3188,68,Hitokiri Kamazo,Hitokiri Kamazo,,,OP01,OP01-108,UC,0,1,https://www.tcgplayer.com/product/455808/one-piece-card-game-romance-dawn-hitokiri-kamazo,,,2026-04-01 22:09:08,2026-04-01 22:09:08
463,tcgcsv,455865,17698,68,Paramount War - Booster Pack,Paramount War Booster Pack,,,OP02,,,0,1,https://www.tcgplayer.com/product/455865/one-piece-card-game-paramount-war-paramount-war-booster-pack,https://tcgplayer-cdn.tcgplayer.com/product/455865_200w.jpg,,2026-04-02 02:58:10,2026-04-02 02:58:10
464,tcgcsv,455866,17698,68,Paramount War - Booster Box,Paramount War Booster Box,,,OP02,,,0,1,https://www.tcgplayer.com/product/455866/one-piece-card-game-paramount-war-paramount-war-booster-box,https://tcgplayer-cdn.tcgplayer.com/product/455866_200w.jpg,,2026-04-02 02:58:10,2026-04-02 02:58:10
465,tcgcsv,455867,17698,68,Paramount War - Booster Box Case,Paramount War Booster Box Case,,,OP02,,,0,1,https://www.tcgplayer.com/product/455867/one-piece-card-game-paramount-war-paramount-war-booster-box-case,https://tcgplayer-cdn.tcgplayer.com/product/455867_200w.jpg,,2026-04-02 02:58:10,2026-04-02 02:58:10
466,tcgcsv,482273,17698,68,DON!! Card (Manga),DON Card Manga,,,OP02,,DON!!,0,1,https://www.tcgplayer.com/product/482273/one-piece-card-game-paramount-war-don-card-manga,https://tcgplayer-cdn.tcgplayer.com/product/482273_200w.jpg,,2026-04-02 02:58:10,2026-04-02 02:58:10
467,tcgcsv,482337,17698,68,Monkey.D.Luffy (041) (Alternate Art),MonkeyDLuffy 041 Alternate Art,,,OP02,OP02-041,R,0,1,https://www.tcgplayer.com/product/482337/one-piece-card-game-paramount-war-monkeydluffy-041-alternate-art,https://tcgplayer-cdn.tcgplayer.com/product/482337_200w.jpg,"{""color"": ""Green""}",2026-04-02 02:58:10,2026-04-02 02:58:10
468,tcgcsv,482423,17698,68,Edward.Newgate (004),EdwardNewgate 004,,,OP02,OP02-004,SR,0,1,https://www.tcgplayer.com/product/482423/one-piece-card-game-paramount-war-edwardnewgate-004,https://tcgplayer-cdn.tcgplayer.com/product/482423_200w.jpg,"{""color"": ""Red""}",2026-04-02 02:58:10,2026-04-02 02:58:10
469,tcgcsv,482424,17698,68,Edward.Newgate (001),EdwardNewgate 001,,,OP02,OP02-001,L,0,1,https://www.tcgplayer.com/product/482424/one-piece-card-game-paramount-war-edwardnewgate-001,https://tcgplayer-cdn.tcgplayer.com/product/482424_200w.jpg,"{""color"": ""Red""}",2026-04-02 02:58:10,2026-04-02 02:58:10
470,tcgcsv,482425,17698,68,Curly.Dadan,CurlyDadan,,,OP02,OP02-005,UC,0,1,https://www.tcgplayer.com/product/482425/one-piece-card-game-paramount-war-curlydadan,https://tcgplayer-cdn.tcgplayer.com/product/482425_200w.jpg,"{""color"": ""Red""}",2026-04-02 02:58:10,2026-04-02 02:58:10
471,tcgcsv,482426,17698,68,Atmos,Atmos,,,OP02,OP02-003,C,0,1,https://www.tcgplayer.com/product/482426/one-piece-card-game-paramount-war-atmos,https://tcgplayer-cdn.tcgplayer.com/product/482426_200w.jpg,"{""color"": ""Red""}",2026-04-02 02:58:10,2026-04-02 02:58:10
472,tcgcsv,482429,17698,68,Nami (Alternate Art),Nami Alternate Art,,,OP02,OP02-036,SR,0,1,https://www.tcgplayer.com/product/482429/one-piece-card-game-paramount-war-nami-alternate-art,https://tcgplayer-cdn.tcgplayer.com/product/482429_200w.jpg,"{""color"": ""Green""}",2026-04-02 02:58:10,2026-04-02 02:58:10
473,tcgcsv,482704,17698,68,Jozu,Jozu,,,OP02,OP02-008,R,0,1,https://www.tcgplayer.com/product/482704/one-piece-card-game-paramount-war-jozu,https://tcgplayer-cdn.tcgplayer.com/product/482704_200w.jpg,"{""color"": ""Red""}",2026-04-02 02:58:10,2026-04-02 02:58:10
474,tcgcsv,482705,17698,68,Monkey.D.Garp (002),MonkeyDGarp 002,,,OP02,OP02-002,L,0,1,https://www.tcgplayer.com/product/482705/one-piece-card-game-paramount-war-monkeydgarp-002,https://tcgplayer-cdn.tcgplayer.com/product/482705_200w.jpg,"{""color"": ""Red;Black""}",2026-04-02 02:58:10,2026-04-02 02:58:10
475,tcgcsv,482706,17698,68,Kingdew,Kingdew,,,OP02,OP02-006,C,0,1,https://www.tcgplayer.com/product/482706/one-piece-card-game-paramount-war-kingdew,https://tcgplayer-cdn.tcgplayer.com/product/482706_200w.jpg,"{""color"": ""Red""}",2026-04-02 02:58:10,2026-04-02 02:58:10
476,tcgcsv,482707,17698,68,Thatch,Thatch,,,OP02,OP02-007,C,0,1,https://www.tcgplayer.com/product/482707/one-piece-card-game-paramount-war-thatch,https://tcgplayer-cdn.tcgplayer.com/product/482707_200w.jpg,"{""color"": ""Red""}",2026-04-02 02:58:10,2026-04-02 02:58:10
477,tcgcsv,482718,17698,68,Uta,Uta,,,OP02,OP02-120,SEC,0,1,https://www.tcgplayer.com/product/482718/one-piece-card-game-paramount-war-uta,https://tcgplayer-cdn.tcgplayer.com/product/482718_200w.jpg,"{""color"": ""Purple""}",2026-04-02 02:58:10,2026-04-02 02:58:10
478,tcgcsv,483093,17698,68,Dogura,Dogura,,,OP02,OP02-010,C,0,1,https://www.tcgplayer.com/product/483093/one-piece-card-game-paramount-war-dogura,https://tcgplayer-cdn.tcgplayer.com/product/483093_200w.jpg,"{""color"": ""Red""}",2026-04-02 02:58:10,2026-04-02 02:58:10
479,tcgcsv,483094,17698,68,Blenheim,Blenheim,,,OP02,OP02-012,C,0,1,https://www.tcgplayer.com/product/483094/one-piece-card-game-paramount-war-blenheim,https://tcgplayer-cdn.tcgplayer.com/product/483094_200w.jpg,"{""color"": ""Red""}",2026-04-02 02:58:10,2026-04-02 02:58:10
480,tcgcsv,483095,17698,68,Vista,Vista,,,OP02,OP02-011,R,0,1,https://www.tcgplayer.com/product/483095/one-piece-card-game-paramount-war-vista,https://tcgplayer-cdn.tcgplayer.com/product/483095_200w.jpg,"{""color"": ""Red""}",2026-04-02 02:58:10,2026-04-02 02:58:10
481,tcgcsv,483096,17698,68,Squard (Box Topper),Squard Box Topper,Box Topper,,OP02,OP02-009,UC,0,1,https://www.tcgplayer.com/product/483096/one-piece-card-game-paramount-war-squard-box-topper,https://tcgplayer-cdn.tcgplayer.com/product/483096_200w.jpg,"{""color"": ""Red""}",2026-04-02 02:58:10,2026-04-02 02:58:10
482,tcgcsv,483360,17698,68,Uta (Alternate Art),Uta Alternate Art,,,OP02,OP02-120,SEC,0,1,https://www.tcgplayer.com/product/483360/one-piece-card-game-paramount-war-uta-alternate-art,https://tcgplayer-cdn.tcgplayer.com/product/483360_200w.jpg,"{""color"": ""Purple""}",2026-04-02 02:58:10,2026-04-02 02:58:10
483,tcgcsv,483470,17698,68,Edward.Newgate (001) (Alternate Art),EdwardNewgate 001 Alternate Art,,,OP02,OP02-001,L,0,1,https://www.tcgplayer.com/product/483470/one-piece-card-game-paramount-war-edwardnewgate-001-alternate-art,https://tcgplayer-cdn.tcgplayer.com/product/483470_200w.jpg,"{""color"": ""Red""}",2026-04-02 02:58:10,2026-04-02 02:58:10
484,tcgcsv,483627,17698,68,Monkey.D.Garp (002) (Alternate Art),MonkeyDGarp 002 Alternate Art,,,OP02,OP02-002,L,0,1,https://www.tcgplayer.com/product/483627/one-piece-card-game-paramount-war-monkeydgarp-002-alternate-art,https://tcgplayer-cdn.tcgplayer.com/product/483627_200w.jpg,"{""color"": ""Red;Black""}",2026-04-02 02:58:10,2026-04-02 02:58:10
485,tcgcsv,483628,17698,68,Sanji (Alternate Art),Sanji Alternate Art,,,OP02,OP02-026,L,0,1,https://www.tcgplayer.com/product/483628/one-piece-card-game-paramount-war-sanji-alternate-art,https://tcgplayer-cdn.tcgplayer.com/product/483628_200w.jpg,"{""color"": ""Blue;Green""}",2026-04-02 02:58:10,2026-04-02 02:58:10
486,tcgcsv,483629,17698,68,Kin'emon (Alternate Art),Kinemon Alternate Art,,,OP02,OP02-025,L,0,1,https://www.tcgplayer.com/product/483629/one-piece-card-game-paramount-war-kinemon-alternate-art,https://tcgplayer-cdn.tcgplayer.com/product/483629_200w.jpg,"{""color"": ""Green""}",2026-04-02 02:58:10,2026-04-02 02:58:10
487,tcgcsv,483949,17698,68,Emporio.Ivankov (049) (Alternate Art),EmporioIvankov 049 Alternate Art,,,OP02,OP02-049,L,0,1,https://www.tcgplayer.com/product/483949/one-piece-card-game-paramount-war-emporioivankov-049-alternate-art,https://tcgplayer-cdn.tcgplayer.com/product/483949_200w.jpg,"{""color"": ""Blue""}",2026-04-02 02:58:10,2026-04-02 02:58:10
488,tcgcsv,484134,17698,68,Magellan (071) (Alternate Art),Magellan 071 Alternate Art,,,OP02,OP02-071,L,0,1,https://www.tcgplayer.com/product/484134/one-piece-card-game-paramount-war-magellan-071-alternate-art,https://tcgplayer-cdn.tcgplayer.com/product/484134_200w.jpg,"{""color"": ""Purple""}",2026-04-02 02:58:10,2026-04-02 02:58:10
489,tcgcsv,484314,17698,68,Zephyr (Alternate Art),Zephyr Alternate Art,,,OP02,OP02-072,L,0,1,https://www.tcgplayer.com/product/484314/one-piece-card-game-paramount-war-zephyr-alternate-art,https://tcgplayer-cdn.tcgplayer.com/product/484314_200w.jpg,"{""color"": ""Purple""}",2026-04-02 02:58:10,2026-04-02 02:58:10
490,tcgcsv,484476,17698,68,Smoker (093) (Alternate Art),Smoker 093 Alternate Art,,,OP02,OP02-093,L,0,1,https://www.tcgplayer.com/product/484476/one-piece-card-game-paramount-war-smoker-093-alternate-art,https://tcgplayer-cdn.tcgplayer.com/product/484476_200w.jpg,"{""color"": ""Black""}",2026-04-02 02:58:10,2026-04-02 02:58:10
491,tcgcsv,484627,17698,68,Kouzuki Oden (Alternate Art),Kouzuki Oden Alternate Art,,,OP02,OP02-030,SR,0,1,https://www.tcgplayer.com/product/484627/one-piece-card-game-paramount-war-kouzuki-oden-alternate-art,https://tcgplayer-cdn.tcgplayer.com/product/484627_200w.jpg,"{""color"": ""Green""}",2026-04-02 02:58:10,2026-04-02 02:58:10
492,tcgcsv,484822,17698,68,Monkey.D.Garp (115) (Alternate Art),MonkeyDGarp 115 Alternate Art,,,OP02,OP02-115,R,0,1,https://www.tcgplayer.com/product/484822/one-piece-card-game-paramount-war-monkeydgarp-115-alternate-art,https://tcgplayer-cdn.tcgplayer.com/product/484822_200w.jpg,"{""color"": ""Black""}",2026-04-02 02:58:10,2026-04-02 02:58:10
493,tcgcsv,485087,17698,68,Borsalino (Alternate Art),Borsalino Alternate Art,,,OP02,OP02-114,SR,0,1,https://www.tcgplayer.com/product/485087/one-piece-card-game-paramount-war-borsalino-alternate-art,https://tcgplayer-cdn.tcgplayer.com/product/485087_200w.jpg,"{""color"": ""Black""}",2026-04-02 02:58:10,2026-04-02 02:58:10
494,tcgcsv,485162,17698,68,Kuzan (096) (Alternate Art),Kuzan 096 Alternate Art,,,OP02,OP02-096,SR,0,1,https://www.tcgplayer.com/product/485162/one-piece-card-game-paramount-war-kuzan-096-alternate-art,https://tcgplayer-cdn.tcgplayer.com/product/485162_200w.jpg,"{""color"": ""Black""}",2026-04-02 02:58:10,2026-04-02 02:58:10
495,tcgcsv,485235,17698,68,Portgas.D.Ace,PortgasDAce,,,OP02,OP02-013,SR,0,1,https://www.tcgplayer.com/product/485235/one-piece-card-game-paramount-war-portgasdace,https://tcgplayer-cdn.tcgplayer.com/product/485235_200w.jpg,"{""color"": ""Red""}",2026-04-02 02:58:10,2026-04-02 02:58:10
496,tcgcsv,485236,17698,68,Kouzuki Toki (Box Topper),Kouzuki Toki Box Topper,Box Topper,,OP02,OP02-031,UC,0,1,https://www.tcgplayer.com/product/485236/one-piece-card-game-paramount-war-kouzuki-toki-box-topper,https://tcgplayer-cdn.tcgplayer.com/product/485236_200w.jpg,"{""color"": ""Green""}",2026-04-02 02:58:10,2026-04-02 02:58:10
497,tcgcsv,485237,17698,68,Boa Hancock (Box Topper),Boa Hancock Box Topper,Box Topper,,OP02,OP02-059,UC,0,1,https://www.tcgplayer.com/product/485237/one-piece-card-game-paramount-war-boa-hancock-box-topper,https://tcgplayer-cdn.tcgplayer.com/product/485237_200w.jpg,"{""color"": ""Blue""}",2026-04-02 02:58:10,2026-04-02 02:58:10
498,tcgcsv,485238,17698,68,Monkey.D.Luffy (062),MonkeyDLuffy 062,,,OP02,OP02-062,SR,0,1,https://www.tcgplayer.com/product/485238/one-piece-card-game-paramount-war-monkeydluffy-062,https://tcgplayer-cdn.tcgplayer.com/product/485238_200w.jpg,"{""color"": ""Blue""}",2026-04-02 02:58:10,2026-04-02 02:58:10
499,tcgcsv,485239,17698,68,Zephyr,Zephyr,,,OP02,OP02-072,L,0,1,https://www.tcgplayer.com/product/485239/one-piece-card-game-paramount-war-zephyr,https://tcgplayer-cdn.tcgplayer.com/product/485239_200w.jpg,"{""color"": ""Purple;Black""}",2026-04-02 02:58:10,2026-04-02 02:58:10
500,tcgcsv,485241,17698,68,Minokoala (Box Topper),Minokoala Box Topper,Box Topper,,OP02,OP02-086,UC,0,1,https://www.tcgplayer.com/product/485241/one-piece-card-game-paramount-war-minokoala-box-topper,https://tcgplayer-cdn.tcgplayer.com/product/485241_200w.jpg,"{""color"": ""Purple""}",2026-04-02 02:58:10,2026-04-02 02:58:10
501,tcgcsv,485242,17698,68,Sakazuki,Sakazuki,,,OP02,OP02-099,SR,0,1,https://www.tcgplayer.com/product/485242/one-piece-card-game-paramount-war-sakazuki,https://tcgplayer-cdn.tcgplayer.com/product/485242_200w.jpg,"{""color"": ""Black""}",2026-04-02 02:58:10,2026-04-02 02:58:10
502,tcgcsv,485243,17698,68,Tashigi,Tashigi,,,OP02,OP02-105,C,0,1,https://www.tcgplayer.com/product/485243/one-piece-card-game-paramount-war-tashigi,https://tcgplayer-cdn.tcgplayer.com/product/485243_200w.jpg,"{""color"": ""Black""}",2026-04-02 02:58:10,2026-04-02 02:58:10
503,tcgcsv,485244,17698,68,Tashigi (Box Topper),Tashigi Box Topper,Box Topper,,OP02,OP02-105,C,0,1,https://www.tcgplayer.com/product/485244/one-piece-card-game-paramount-war-tashigi-box-topper,https://tcgplayer-cdn.tcgplayer.com/product/485244_200w.jpg,"{""color"": ""Black""}",2026-04-02 02:58:10,2026-04-02 02:58:10
504,tcgcsv,485245,17698,68,Donquixote Rosinante (Box Topper),Donquixote Rosinante Box Topper,Box Topper,,OP02,OP02-108,C,0,1,https://www.tcgplayer.com/product/485245/one-piece-card-game-paramount-war-donquixote-rosinante-box-topper,https://tcgplayer-cdn.tcgplayer.com/product/485245_200w.jpg,"{""color"": ""Black""}",2026-04-02 02:58:10,2026-04-02 02:58:10
505,tcgcsv,485246,17698,68,Borsalino,Borsalino,,,OP02,OP02-114,SR,0,1,https://www.tcgplayer.com/product/485246/one-piece-card-game-paramount-war-borsalino,https://tcgplayer-cdn.tcgplayer.com/product/485246_200w.jpg,"{""color"": ""Black""}",2026-04-02 02:58:10,2026-04-02 02:58:10
506,tcgcsv,485255,17698,68,Sakazuki (Alternate Art),Sakazuki Alternate Art,,,OP02,OP02-099,SR,0,1,https://www.tcgplayer.com/product/485255/one-piece-card-game-paramount-war-sakazuki-alternate-art,https://tcgplayer-cdn.tcgplayer.com/product/485255_200w.jpg,"{""color"": ""Black""}",2026-04-02 02:58:10,2026-04-02 02:58:10
507,tcgcsv,485397,17698,68,Kuzan (121),Kuzan 121,,,OP02,OP02-121,SEC,0,1,https://www.tcgplayer.com/product/485397/one-piece-card-game-paramount-war-kuzan-121,https://tcgplayer-cdn.tcgplayer.com/product/485397_200w.jpg,"{""color"": ""Black""}",2026-04-02 02:58:10,2026-04-02 02:58:10
508,tcgcsv,485456,17698,68,Kuzan (121) (Alternate Art),Kuzan 121 Alternate Art,,,OP02,OP02-121,SEC,0,1,https://www.tcgplayer.com/product/485456/one-piece-card-game-paramount-war-kuzan-121-alternate-art,https://tcgplayer-cdn.tcgplayer.com/product/485456_200w.jpg,"{""color"": ""Black""}",2026-04-02 02:58:10,2026-04-02 02:58:10
