card_code,printing_id,variant_key,current_local_path,candidate_paths_checked,matched_path,file_exists,reconciliation_type
OP01-001,704,base,OP01/base/thumbs/OP01-001.webp,OP01\base\OP01-001.webp [THUMBS_REMOVED_SAME_EXT] -> MISSING | OP01\base\OP01-001.png [THUMBS_TO_BASE_FIX] -> EXISTS | OP01\base\thumbs\OP01-001.png [EXTENSION_FIX] -> MISSING | OP01\base\OP01-001.jpg [THUMBS_TO_BASE_JPG] -> MISSING | OP01/base/thumbs/OP01-001.webp [PATH_ONLY_FIX] -> MISSING,OP01\base\OP01-001.png,YES,THUMBS_TO_BASE_FIX
OP01-002,710,base,OP01/base/thumbs/OP01-002.webp,OP01\base\OP01-002.webp [THUMBS_REMOVED_SAME_EXT] -> MISSING | OP01\base\OP01-002.png [THUMBS_TO_BASE_FIX] -> EXISTS | OP01\base\thumbs\OP01-002.png [EXTENSION_FIX] -> MISSING | OP01\base\OP01-002.jpg [THUMBS_TO_BASE_JPG] -> MISSING | OP01/base/thumbs/OP01-002.webp [PATH_ONLY_FIX] -> MISSING,OP01\base\OP01-002.png,YES,THUMBS_TO_BASE_FIX
OP01-003,714,base,OP01/base/thumbs/OP01-003.webp,OP01\base\OP01-003.webp [THUMBS_REMOVED_SAME_EXT] -> MISSING | OP01\base\OP01-003.png [THUMBS_TO_BASE_FIX] -> EXISTS | OP01\base\thumbs\OP01-003.png [EXTENSION_FIX] -> MISSING | OP01\base\OP01-003.jpg [THUMBS_TO_BASE_JPG] -> MISSING | OP01/base/thumbs/OP01-003.webp [PATH_ONLY_FIX] -> MISSING,OP01\base\OP01-003.png,YES,THUMBS_TO_BASE_FIX
OP01-004,718,base,OP01/base/thumbs/OP01-004.webp,OP01\base\OP01-004.webp [THUMBS_REMOVED_SAME_EXT] -> MISSING | OP01\base\OP01-004.png [THUMBS_TO_BASE_FIX] -> EXISTS | OP01\base\thumbs\OP01-004.png [EXTENSION_FIX] -> MISSING | OP01\base\OP01-004.jpg [THUMBS_TO_BASE_JPG] -> MISSING | OP01/base/thumbs/OP01-004.webp [PATH_ONLY_FIX] -> MISSING,OP01\base\OP01-004.png,YES,THUMBS_TO_BASE_FIX
OP01-005,723,base,OP01/base/thumbs/OP01-005.webp,OP01\base\OP01-005.webp [THUMBS_REMOVED_SAME_EXT] -> MISSING | OP01\base\OP01-005.png [THUMBS_TO_BASE_FIX] -> EXISTS | OP01\base\thumbs\OP01-005.png [EXTENSION_FIX] -> MISSING | OP01\base\OP01-005.jpg [THUMBS_TO_BASE_JPG] -> MISSING | OP01/base/thumbs/OP01-005.webp [PATH_ONLY_FIX] -> MISSING,OP01\base\OP01-005.png,YES,THUMBS_TO_BASE_FIX
OP01-006,731,base,OP01/base/thumbs/OP01-006.webp,OP01\base\OP01-006.webp [THUMBS_REMOVED_SAME_EXT] -> MISSING | OP01\base\OP01-006.png [THUMBS_TO_BASE_FIX] -> EXISTS | OP01\base\thumbs\OP01-006.png [EXTENSION_FIX] -> MISSING | OP01\base\OP01-006.jpg [THUMBS_TO_BASE_JPG] -> MISSING | OP01/base/thumbs/OP01-006.webp [PATH_ONLY_FIX] -> MISSING,OP01\base\OP01-006.png,YES,THUMBS_TO_BASE_FIX
OP01-007,742,base,OP01/base/thumbs/OP01-007.webp,OP01\base\OP01-007.webp [THUMBS_REMOVED_SAME_EXT] -> MISSING | OP01\base\OP01-007.png [THUMBS_TO_BASE_FIX] -> EXISTS | OP01\base\thumbs\OP01-007.png [EXTENSION_FIX] -> MISSING | OP01\base\OP01-007.jpg [THUMBS_TO_BASE_JPG] -> MISSING | OP01/base/thumbs/OP01-007.webp [PATH_ONLY_FIX] -> MISSING,OP01\base\OP01-007.png,YES,THUMBS_TO_BASE_FIX
OP01-008,744,base,OP01/base/thumbs/OP01-008.webp,OP01\base\OP01-008.webp [THUMBS_REMOVED_SAME_EXT] -> MISSING | OP01\base\OP01-008.png [THUMBS_TO_BASE_FIX] -> EXISTS | OP01\base\thumbs\OP01-008.png [EXTENSION_FIX] -> MISSING | OP01\base\OP01-008.jpg [THUMBS_TO_BASE_JPG] -> MISSING | OP01/base/thumbs/OP01-008.webp [PATH_ONLY_FIX] -> MISSING,OP01\base\OP01-008.png,YES,THUMBS_TO_BASE_FIX
OP01-009,748,base,OP01/base/thumbs/OP01-009.webp,OP01\base\OP01-009.webp [THUMBS_REMOVED_SAME_EXT] -> MISSING | OP01\base\OP01-009.png [THUMBS_TO_BASE_FIX] -> EXISTS | OP01\base\thumbs\OP01-009.png [EXTENSION_FIX] -> MISSING | OP01\base\OP01-009.jpg [THUMBS_TO_BASE_JPG] -> MISSING | OP01/base/thumbs/OP01-009.webp [PATH_ONLY_FIX] -> MISSING,OP01\base\OP01-009.png,YES,THUMBS_TO_BASE_FIX
OP01-010,750,base,OP01/base/thumbs/OP01-010.webp,OP01\base\OP01-010.webp [THUMBS_REMOVED_SAME_EXT] -> MISSING | OP01\base\OP01-010.png [THUMBS_TO_BASE_FIX] -> EXISTS | OP01\base\thumbs\OP01-010.png [EXTENSION_FIX] -> MISSING | OP01\base\OP01-010.jpg [THUMBS_TO_BASE_JPG] -> MISSING | OP01/base/thumbs/OP01-010.webp [PATH_ONLY_FIX] -> MISSING,OP01\base\OP01-010.png,YES,THUMBS_TO_BASE_FIX
OP01-011,752,base,OP01/base/thumbs/OP01-011.webp,OP01\base\OP01-011.webp [THUMBS_REMOVED_SAME_EXT] -> MISSING | OP01\base\OP01-011.png [THUMBS_TO_BASE_FIX] -> EXISTS | OP01\base\thumbs\OP01-011.png [EXTENSION_FIX] -> MISSING | OP01\base\OP01-011.jpg [THUMBS_TO_BASE_JPG] -> MISSING | OP01/base/thumbs/OP01-011.webp [PATH_ONLY_FIX] -> MISSING,OP01\base\OP01-011.png,YES,THUMBS_TO_BASE_FIX
OP01-012,754,base,OP01/base/thumbs/OP01-012.webp,OP01\base\OP01-012.webp [THUMBS_REMOVED_SAME_EXT] -> MISSING | OP01\base\OP01-012.png [THUMBS_TO_BASE_FIX] -> EXISTS | OP01\base\thumbs\OP01-012.png [EXTENSION_FIX] -> MISSING | OP01\base\OP01-012.jpg [THUMBS_TO_BASE_JPG] -> MISSING | OP01/base/thumbs/OP01-012.webp [PATH_ONLY_FIX] -> MISSING,OP01\base\OP01-012.png,YES,THUMBS_TO_BASE_FIX
OP01-013,756,base,OP01/base/thumbs/OP01-013.webp,OP01\base\OP01-013.webp [THUMBS_REMOVED_SAME_EXT] -> MISSING | OP01\base\OP01-013.png [THUMBS_TO_BASE_FIX] -> EXISTS | OP01\base\thumbs\OP01-013.png [EXTENSION_FIX] -> MISSING | OP01\base\OP01-013.jpg [THUMBS_TO_BASE_JPG] -> MISSING | OP01/base/thumbs/OP01-013.webp [PATH_ONLY_FIX] -> MISSING,OP01\base\OP01-013.png,YES,THUMBS_TO_BASE_FIX
OP01-014,768,base,OP01/base/thumbs/OP01-014.webp,OP01\base\OP01-014.webp [THUMBS_REMOVED_SAME_EXT] -> MISSING | OP01\base\OP01-014.png [THUMBS_TO_BASE_FIX] -> EXISTS | OP01\base\thumbs\OP01-014.png [EXTENSION_FIX] -> MISSING | OP01\base\OP01-014.jpg [THUMBS_TO_BASE_JPG] -> MISSING | OP01/base/thumbs/OP01-014.webp [PATH_ONLY_FIX] -> MISSING,OP01\base\OP01-014.png,YES,THUMBS_TO_BASE_FIX
OP01-015,773,base,OP01/base/thumbs/OP01-015.webp,OP01\base\OP01-015.webp [THUMBS_REMOVED_SAME_EXT] -> MISSING | OP01\base\OP01-015.png [THUMBS_TO_BASE_FIX] -> EXISTS | OP01\base\thumbs\OP01-015.png [EXTENSION_FIX] -> MISSING | OP01\base\OP01-015.jpg [THUMBS_TO_BASE_JPG] -> MISSING | OP01/base/thumbs/OP01-015.webp [PATH_ONLY_FIX] -> MISSING,OP01\base\OP01-015.png,YES,THUMBS_TO_BASE_FIX
OP01-016,777,base,OP01/base/thumbs/OP01-016.webp,OP01\base\OP01-016.webp [THUMBS_REMOVED_SAME_EXT] -> MISSING | OP01\base\OP01-016.png [THUMBS_TO_BASE_FIX] -> EXISTS | OP01\base\thumbs\OP01-016.png [EXTENSION_FIX] -> MISSING | OP01\base\OP01-016.jpg [THUMBS_TO_BASE_JPG] -> MISSING | OP01/base/thumbs/OP01-016.webp [PATH_ONLY_FIX] -> MISSING,OP01\base\OP01-016.png,YES,THUMBS_TO_BASE_FIX
OP01-017,796,base,OP01/base/thumbs/OP01-017.webp,OP01\base\OP01-017.webp [THUMBS_REMOVED_SAME_EXT] -> MISSING | OP01\base\OP01-017.png [THUMBS_TO_BASE_FIX] -> EXISTS | OP01\base\thumbs\OP01-017.png [EXTENSION_FIX] -> MISSING | OP01\base\OP01-017.jpg [THUMBS_TO_BASE_JPG] -> MISSING | OP01/base/thumbs/OP01-017.webp [PATH_ONLY_FIX] -> MISSING,OP01\base\OP01-017.png,YES,THUMBS_TO_BASE_FIX
OP01-018,805,base,OP01/base/thumbs/OP01-018.webp,OP01\base\OP01-018.webp [THUMBS_REMOVED_SAME_EXT] -> MISSING | OP01\base\OP01-018.png [THUMBS_TO_BASE_FIX] -> EXISTS | OP01\base\thumbs\OP01-018.png [EXTENSION_FIX] -> MISSING | OP01\base\OP01-018.jpg [THUMBS_TO_BASE_JPG] -> MISSING | OP01/base/thumbs/OP01-018.webp [PATH_ONLY_FIX] -> MISSING,OP01\base\OP01-018.png,YES,THUMBS_TO_BASE_FIX
OP01-019,807,base,OP01/base/thumbs/OP01-019.webp,OP01\base\OP01-019.webp [THUMBS_REMOVED_SAME_EXT] -> MISSING | OP01\base\OP01-019.png [THUMBS_TO_BASE_FIX] -> EXISTS | OP01\base\thumbs\OP01-019.png [EXTENSION_FIX] -> MISSING | OP01\base\OP01-019.jpg [THUMBS_TO_BASE_JPG] -> MISSING | OP01/base/thumbs/OP01-019.webp [PATH_ONLY_FIX] -> MISSING,OP01\base\OP01-019.png,YES,THUMBS_TO_BASE_FIX
OP01-020,809,base,OP01/base/thumbs/OP01-020.webp,OP01\base\OP01-020.webp [THUMBS_REMOVED_SAME_EXT] -> MISSING | OP01\base\OP01-020.png [THUMBS_TO_BASE_FIX] -> EXISTS | OP01\base\thumbs\OP01-020.png [EXTENSION_FIX] -> MISSING | OP01\base\OP01-020.jpg [THUMBS_TO_BASE_JPG] -> MISSING | OP01/base/thumbs/OP01-020.webp [PATH_ONLY_FIX] -> MISSING,OP01\base\OP01-020.png,YES,THUMBS_TO_BASE_FIX
OP01-021,811,base,OP01/base/thumbs/OP01-021.webp,OP01\base\OP01-021.webp [THUMBS_REMOVED_SAME_EXT] -> MISSING | OP01\base\OP01-021.png [THUMBS_TO_BASE_FIX] -> EXISTS | OP01\base\thumbs\OP01-021.png [EXTENSION_FIX] -> MISSING | OP01\base\OP01-021.jpg [THUMBS_TO_BASE_JPG] -> MISSING | OP01/base/thumbs/OP01-021.webp [PATH_ONLY_FIX] -> MISSING,OP01\base\OP01-021.png,YES,THUMBS_TO_BASE_FIX
OP01-022,821,base,OP01/base/thumbs/OP01-022.webp,OP01\base\OP01-022.webp [THUMBS_REMOVED_SAME_EXT] -> MISSING | OP01\base\OP01-022.png [THUMBS_TO_BASE_FIX] -> EXISTS | OP01\base\thumbs\OP01-022.png [EXTENSION_FIX] -> MISSING | OP01\base\OP01-022.jpg [THUMBS_TO_BASE_JPG] -> MISSING | OP01/base/thumbs/OP01-022.webp [PATH_ONLY_FIX] -> MISSING,OP01\base\OP01-022.png,YES,THUMBS_TO_BASE_FIX
OP01-023,825,base,OP01/base/thumbs/OP01-023.webp,OP01\base\OP01-023.webp [THUMBS_REMOVED_SAME_EXT] -> MISSING | OP01\base\OP01-023.png [THUMBS_TO_BASE_FIX] -> EXISTS | OP01\base\thumbs\OP01-023.png [EXTENSION_FIX] -> MISSING | OP01\base\OP01-023.jpg [THUMBS_TO_BASE_JPG] -> MISSING | OP01/base/thumbs/OP01-023.webp [PATH_ONLY_FIX] -> MISSING,OP01\base\OP01-023.png,YES,THUMBS_TO_BASE_FIX
OP01-024,827,base,OP01/base/thumbs/OP01-024.webp,OP01\base\OP01-024.webp [THUMBS_REMOVED_SAME_EXT] -> MISSING | OP01\base\OP01-024.png [THUMBS_TO_BASE_FIX] -> EXISTS | OP01\base\thumbs\OP01-024.png [EXTENSION_FIX] -> MISSING | OP01\base\OP01-024.jpg [THUMBS_TO_BASE_JPG] -> MISSING | OP01/base/thumbs/OP01-024.webp [PATH_ONLY_FIX] -> MISSING,OP01\base\OP01-024.png,YES,THUMBS_TO_BASE_FIX
OP01-025,834,base,OP01/base/thumbs/OP01-025.webp,OP01\base\OP01-025.webp [THUMBS_REMOVED_SAME_EXT] -> MISSING | OP01\base\OP01-025.png [THUMBS_TO_BASE_FIX] -> EXISTS | OP01\base\thumbs\OP01-025.png [EXTENSION_FIX] -> MISSING | OP01\base\OP01-025.jpg [THUMBS_TO_BASE_JPG] -> MISSING | OP01/base/thumbs/OP01-025.webp [PATH_ONLY_FIX] -> MISSING,OP01\base\OP01-025.png,YES,THUMBS_TO_BASE_FIX
OP01-026,844,base,OP01/base/thumbs/OP01-026.webp,OP01\base\OP01-026.webp [THUMBS_REMOVED_SAME_EXT] -> MISSING | OP01\base\OP01-026.png [THUMBS_TO_BASE_FIX] -> EXISTS | OP01\base\thumbs\OP01-026.png [EXTENSION_FIX] -> MISSING | OP01\base\OP01-026.jpg [THUMBS_TO_BASE_JPG] -> MISSING | OP01/base/thumbs/OP01-026.webp [PATH_ONLY_FIX] -> MISSING,OP01\base\OP01-026.png,YES,THUMBS_TO_BASE_FIX
OP01-027,846,base,OP01/base/thumbs/OP01-027.webp,OP01\base\OP01-027.webp [THUMBS_REMOVED_SAME_EXT] -> MISSING | OP01\base\OP01-027.png [THUMBS_TO_BASE_FIX] -> EXISTS | OP01\base\thumbs\OP01-027.png [EXTENSION_FIX] -> MISSING | OP01\base\OP01-027.jpg [THUMBS_TO_BASE_JPG] -> MISSING | OP01/base/thumbs/OP01-027.webp [PATH_ONLY_FIX] -> MISSING,OP01\base\OP01-027.png,YES,THUMBS_TO_BASE_FIX
OP01-028,848,base,OP01/base/thumbs/OP01-028.webp,OP01\base\OP01-028.webp [THUMBS_REMOVED_SAME_EXT] -> MISSING | OP01\base\OP01-028.png [THUMBS_TO_BASE_FIX] -> EXISTS | OP01\base\thumbs\OP01-028.png [EXTENSION_FIX] -> MISSING | OP01\base\OP01-028.jpg [THUMBS_TO_BASE_JPG] -> MISSING | OP01/base/thumbs/OP01-028.webp [PATH_ONLY_FIX] -> MISSING,OP01\base\OP01-028.png,YES,THUMBS_TO_BASE_FIX
OP01-029,850,base,OP01/base/thumbs/OP01-029.webp,OP01\base\OP01-029.webp [THUMBS_REMOVED_SAME_EXT] -> MISSING | OP01\base\OP01-029.png [THUMBS_TO_BASE_FIX] -> EXISTS | OP01\base\thumbs\OP01-029.png [EXTENSION_FIX] -> MISSING | OP01\base\OP01-029.jpg [THUMBS_TO_BASE_JPG] -> MISSING | OP01/base/thumbs/OP01-029.webp [PATH_ONLY_FIX] -> MISSING,OP01\base\OP01-029.png,YES,THUMBS_TO_BASE_FIX
OP01-030,857,base,OP01/base/thumbs/OP01-030.webp,OP01\base\OP01-030.webp [THUMBS_REMOVED_SAME_EXT] -> MISSING | OP01\base\OP01-030.png [THUMBS_TO_BASE_FIX] -> EXISTS | OP01\base\thumbs\OP01-030.png [EXTENSION_FIX] -> MISSING | OP01\base\OP01-030.jpg [THUMBS_TO_BASE_JPG] -> MISSING | OP01/base/thumbs/OP01-030.webp [PATH_ONLY_FIX] -> MISSING,OP01\base\OP01-030.png,YES,THUMBS_TO_BASE_FIX
OP01-031,861,base,OP01/base/thumbs/OP01-031.webp,OP01\base\OP01-031.webp [THUMBS_REMOVED_SAME_EXT] -> MISSING | OP01\base\OP01-031.png [THUMBS_TO_BASE_FIX] -> EXISTS | OP01\base\thumbs\OP01-031.png [EXTENSION_FIX] -> MISSING | OP01\base\OP01-031.jpg [THUMBS_TO_BASE_JPG] -> MISSING | OP01/base/thumbs/OP01-031.webp [PATH_ONLY_FIX] -> MISSING,OP01\base\OP01-031.png,YES,THUMBS_TO_BASE_FIX
OP01-032,865,base,OP01/base/thumbs/OP01-032.webp,OP01\base\OP01-032.webp [THUMBS_REMOVED_SAME_EXT] -> MISSING | OP01\base\OP01-032.png [THUMBS_TO_BASE_FIX] -> EXISTS | OP01\base\thumbs\OP01-032.png [EXTENSION_FIX] -> MISSING | OP01\base\OP01-032.jpg [THUMBS_TO_BASE_JPG] -> MISSING | OP01/base/thumbs/OP01-032.webp [PATH_ONLY_FIX] -> MISSING,OP01\base\OP01-032.png,YES,THUMBS_TO_BASE_FIX
OP01-033,867,base,OP01/base/thumbs/OP01-033.webp,OP01\base\OP01-033.webp [THUMBS_REMOVED_SAME_EXT] -> MISSING | OP01\base\OP01-033.png [THUMBS_TO_BASE_FIX] -> EXISTS | OP01\base\thumbs\OP01-033.png [EXTENSION_FIX] -> MISSING | OP01\base\OP01-033.jpg [THUMBS_TO_BASE_JPG] -> MISSING | OP01/base/thumbs/OP01-033.webp [PATH_ONLY_FIX] -> MISSING,OP01\base\OP01-033.png,YES,THUMBS_TO_BASE_FIX
OP01-034,878,base,OP01/base/thumbs/OP01-034.webp,OP01\base\OP01-034.webp [THUMBS_REMOVED_SAME_EXT] -> MISSING | OP01\base\OP01-034.png [THUMBS_TO_BASE_FIX] -> EXISTS | OP01\base\thumbs\OP01-034.png [EXTENSION_FIX] -> MISSING | OP01\base\OP01-034.jpg [THUMBS_TO_BASE_JPG] -> MISSING | OP01/base/thumbs/OP01-034.webp [PATH_ONLY_FIX] -> MISSING,OP01\base\OP01-034.png,YES,THUMBS_TO_BASE_FIX
OP01-035,882,base,OP01/base/thumbs/OP01-035.webp,OP01\base\OP01-035.webp [THUMBS_REMOVED_SAME_EXT] -> MISSING | OP01\base\OP01-035.png [THUMBS_TO_BASE_FIX] -> EXISTS | OP01\base\thumbs\OP01-035.png [EXTENSION_FIX] -> MISSING | OP01\base\OP01-035.jpg [THUMBS_TO_BASE_JPG] -> MISSING | OP01/base/thumbs/OP01-035.webp [PATH_ONLY_FIX] -> MISSING,OP01\base\OP01-035.png,YES,THUMBS_TO_BASE_FIX
OP01-036,890,base,OP01/base/thumbs/OP01-036.webp,OP01\base\OP01-036.webp [THUMBS_REMOVED_SAME_EXT] -> MISSING | OP01\base\OP01-036.png [THUMBS_TO_BASE_FIX] -> EXISTS | OP01\base\thumbs\OP01-036.png [EXTENSION_FIX] -> MISSING | OP01\base\OP01-036.jpg [THUMBS_TO_BASE_JPG] -> MISSING | OP01/base/thumbs/OP01-036.webp [PATH_ONLY_FIX] -> MISSING,OP01\base\OP01-036.png,YES,THUMBS_TO_BASE_FIX
OP01-037,892,base,OP01/base/thumbs/OP01-037.webp,OP01\base\OP01-037.webp [THUMBS_REMOVED_SAME_EXT] -> MISSING | OP01\base\OP01-037.png [THUMBS_TO_BASE_FIX] -> EXISTS | OP01\base\thumbs\OP01-037.png [EXTENSION_FIX] -> MISSING | OP01\base\OP01-037.jpg [THUMBS_TO_BASE_JPG] -> MISSING | OP01/base/thumbs/OP01-037.webp [PATH_ONLY_FIX] -> MISSING,OP01\base\OP01-037.png,YES,THUMBS_TO_BASE_FIX
OP01-038,894,base,OP01/base/thumbs/OP01-038.webp,OP01\base\OP01-038.webp [THUMBS_REMOVED_SAME_EXT] -> MISSING | OP01\base\OP01-038.png [THUMBS_TO_BASE_FIX] -> EXISTS | OP01\base\thumbs\OP01-038.png [EXTENSION_FIX] -> MISSING | OP01\base\OP01-038.jpg [THUMBS_TO_BASE_JPG] -> MISSING | OP01/base/thumbs/OP01-038.webp [PATH_ONLY_FIX] -> MISSING,OP01\base\OP01-038.png,YES,THUMBS_TO_BASE_FIX
OP01-039,896,base,OP01/base/thumbs/OP01-039.webp,OP01\base\OP01-039.webp [THUMBS_REMOVED_SAME_EXT] -> MISSING | OP01\base\OP01-039.png [THUMBS_TO_BASE_FIX] -> EXISTS | OP01\base\thumbs\OP01-039.png [EXTENSION_FIX] -> MISSING | OP01\base\OP01-039.jpg [THUMBS_TO_BASE_JPG] -> MISSING | OP01/base/thumbs/OP01-039.webp [PATH_ONLY_FIX] -> MISSING,OP01\base\OP01-039.png,YES,THUMBS_TO_BASE_FIX
OP01-040,901,base,OP01/base/thumbs/OP01-040.webp,OP01\base\OP01-040.webp [THUMBS_REMOVED_SAME_EXT] -> MISSING | OP01\base\OP01-040.png [THUMBS_TO_BASE_FIX] -> EXISTS | OP01\base\thumbs\OP01-040.png [EXTENSION_FIX] -> MISSING | OP01\base\OP01-040.jpg [THUMBS_TO_BASE_JPG] -> MISSING | OP01/base/thumbs/OP01-040.webp [PATH_ONLY_FIX] -> MISSING,OP01\base\OP01-040.png,YES,THUMBS_TO_BASE_FIX
OP01-041,905,base,OP01/base/thumbs/OP01-041.webp,OP01\base\OP01-041.webp [THUMBS_REMOVED_SAME_EXT] -> MISSING | OP01\base\OP01-041.png [THUMBS_TO_BASE_FIX] -> EXISTS | OP01\base\thumbs\OP01-041.png [EXTENSION_FIX] -> MISSING | OP01\base\OP01-041.jpg [THUMBS_TO_BASE_JPG] -> MISSING | OP01/base/thumbs/OP01-041.webp [PATH_ONLY_FIX] -> MISSING,OP01\base\OP01-041.png,YES,THUMBS_TO_BASE_FIX
OP01-042,915,base,OP01/base/thumbs/OP01-042.webp,OP01\base\OP01-042.webp [THUMBS_REMOVED_SAME_EXT] -> MISSING | OP01\base\OP01-042.png [THUMBS_TO_BASE_FIX] -> EXISTS | OP01\base\thumbs\OP01-042.png [EXTENSION_FIX] -> MISSING | OP01\base\OP01-042.jpg [THUMBS_TO_BASE_JPG] -> MISSING | OP01/base/thumbs/OP01-042.webp [PATH_ONLY_FIX] -> MISSING,OP01\base\OP01-042.png,YES,THUMBS_TO_BASE_FIX
OP01-043,917,base,OP01/base/thumbs/OP01-043.webp,OP01\base\OP01-043.webp [THUMBS_REMOVED_SAME_EXT] -> MISSING | OP01\base\OP01-043.png [THUMBS_TO_BASE_FIX] -> EXISTS | OP01\base\thumbs\OP01-043.png [EXTENSION_FIX] -> MISSING | OP01\base\OP01-043.jpg [THUMBS_TO_BASE_JPG] -> MISSING | OP01/base/thumbs/OP01-043.webp [PATH_ONLY_FIX] -> MISSING,OP01\base\OP01-043.png,YES,THUMBS_TO_BASE_FIX
OP01-044,919,base,OP01/base/thumbs/OP01-044.webp,OP01\base\OP01-044.webp [THUMBS_REMOVED_SAME_EXT] -> MISSING | OP01\base\OP01-044.png [THUMBS_TO_BASE_FIX] -> EXISTS | OP01\base\thumbs\OP01-044.png [EXTENSION_FIX] -> MISSING | OP01\base\OP01-044.jpg [THUMBS_TO_BASE_JPG] -> MISSING | OP01/base/thumbs/OP01-044.webp [PATH_ONLY_FIX] -> MISSING,OP01\base\OP01-044.png,YES,THUMBS_TO_BASE_FIX
OP01-045,921,base,OP01/base/thumbs/OP01-045.webp,OP01\base\OP01-045.webp [THUMBS_REMOVED_SAME_EXT] -> MISSING | OP01\base\OP01-045.png [THUMBS_TO_BASE_FIX] -> EXISTS | OP01\base\thumbs\OP01-045.png [EXTENSION_FIX] -> MISSING | OP01\base\OP01-045.jpg [THUMBS_TO_BASE_JPG] -> MISSING | OP01/base/thumbs/OP01-045.webp [PATH_ONLY_FIX] -> MISSING,OP01\base\OP01-045.png,YES,THUMBS_TO_BASE_FIX
OP01-046,923,base,OP01/base/thumbs/OP01-046.webp,OP01\base\OP01-046.webp [THUMBS_REMOVED_SAME_EXT] -> MISSING | OP01\base\OP01-046.png [THUMBS_TO_BASE_FIX] -> EXISTS | OP01\base\thumbs\OP01-046.png [EXTENSION_FIX] -> MISSING | OP01\base\OP01-046.jpg [THUMBS_TO_BASE_JPG] -> MISSING | OP01/base/thumbs/OP01-046.webp [PATH_ONLY_FIX] -> MISSING,OP01\base\OP01-046.png,YES,THUMBS_TO_BASE_FIX
OP01-047,925,base,OP01/base/thumbs/OP01-047.webp,OP01\base\OP01-047.webp [THUMBS_REMOVED_SAME_EXT] -> MISSING | OP01\base\OP01-047.png [THUMBS_TO_BASE_FIX] -> EXISTS | OP01\base\thumbs\OP01-047.png [EXTENSION_FIX] -> MISSING | OP01\base\OP01-047.jpg [THUMBS_TO_BASE_JPG] -> MISSING | OP01/base/thumbs/OP01-047.webp [PATH_ONLY_FIX] -> MISSING,OP01\base\OP01-047.png,YES,THUMBS_TO_BASE_FIX
OP01-048,934,base,OP01/base/thumbs/OP01-048.webp,OP01\base\OP01-048.webp [THUMBS_REMOVED_SAME_EXT] -> MISSING | OP01\base\OP01-048.png [THUMBS_TO_BASE_FIX] -> EXISTS | OP01\base\thumbs\OP01-048.png [EXTENSION_FIX] -> MISSING | OP01\base\OP01-048.jpg [THUMBS_TO_BASE_JPG] -> MISSING | OP01/base/thumbs/OP01-048.webp [PATH_ONLY_FIX] -> MISSING,OP01\base\OP01-048.png,YES,THUMBS_TO_BASE_FIX
OP01-049,938,base,OP01/base/thumbs/OP01-049.webp,OP01\base\OP01-049.webp [THUMBS_REMOVED_SAME_EXT] -> MISSING | OP01\base\OP01-049.png [THUMBS_TO_BASE_FIX] -> EXISTS | OP01\base\thumbs\OP01-049.png [EXTENSION_FIX] -> MISSING | OP01\base\OP01-049.jpg [THUMBS_TO_BASE_JPG] -> MISSING | OP01/base/thumbs/OP01-049.webp [PATH_ONLY_FIX] -> MISSING,OP01\base\OP01-049.png,YES,THUMBS_TO_BASE_FIX
OP01-050,940,base,OP01/base/thumbs/OP01-050.webp,OP01\base\OP01-050.webp [THUMBS_REMOVED_SAME_EXT] -> MISSING | OP01\base\OP01-050.png [THUMBS_TO_BASE_FIX] -> EXISTS | OP01\base\thumbs\OP01-050.png [EXTENSION_FIX] -> MISSING | OP01\base\OP01-050.jpg [THUMBS_TO_BASE_JPG] -> MISSING | OP01/base/thumbs/OP01-050.webp [PATH_ONLY_FIX] -> MISSING,OP01\base\OP01-050.png,YES,THUMBS_TO_BASE_FIX
OP01-051,942,base,OP01/base/thumbs/OP01-051.webp,OP01\base\OP01-051.webp [THUMBS_REMOVED_SAME_EXT] -> MISSING | OP01\base\OP01-051.png [THUMBS_TO_BASE_FIX] -> EXISTS | OP01\base\thumbs\OP01-051.png [EXTENSION_FIX] -> MISSING | OP01\base\OP01-051.jpg [THUMBS_TO_BASE_JPG] -> MISSING | OP01/base/thumbs/OP01-051.webp [PATH_ONLY_FIX] -> MISSING,OP01\base\OP01-051.png,YES,THUMBS_TO_BASE_FIX
OP01-052,951,base,OP01/base/thumbs/OP01-052.webp,OP01\base\OP01-052.webp [THUMBS_REMOVED_SAME_EXT] -> MISSING | OP01\base\OP01-052.png [THUMBS_TO_BASE_FIX] -> EXISTS | OP01\base\thumbs\OP01-052.png [EXTENSION_FIX] -> MISSING | OP01\base\OP01-052.jpg [THUMBS_TO_BASE_JPG] -> MISSING | OP01/base/thumbs/OP01-052.webp [PATH_ONLY_FIX] -> MISSING,OP01\base\OP01-052.png,YES,THUMBS_TO_BASE_FIX
OP01-053,960,base,OP01/base/thumbs/OP01-053.webp,OP01\base\OP01-053.webp [THUMBS_REMOVED_SAME_EXT] -> MISSING | OP01\base\OP01-053.png [THUMBS_TO_BASE_FIX] -> EXISTS | OP01\base\thumbs\OP01-053.png [EXTENSION_FIX] -> MISSING | OP01\base\OP01-053.jpg [THUMBS_TO_BASE_JPG] -> MISSING | OP01/base/thumbs/OP01-053.webp [PATH_ONLY_FIX] -> MISSING,OP01\base\OP01-053.png,YES,THUMBS_TO_BASE_FIX
OP01-054,962,base,OP01/base/thumbs/OP01-054.webp,OP01\base\OP01-054.webp [THUMBS_REMOVED_SAME_EXT] -> MISSING | OP01\base\OP01-054.png [THUMBS_TO_BASE_FIX] -> EXISTS | OP01\base\thumbs\OP01-054.png [EXTENSION_FIX] -> MISSING | OP01\base\OP01-054.jpg [THUMBS_TO_BASE_JPG] -> MISSING | OP01/base/thumbs/OP01-054.webp [PATH_ONLY_FIX] -> MISSING,OP01\base\OP01-054.png,YES,THUMBS_TO_BASE_FIX
OP01-055,964,base,OP01/base/thumbs/OP01-055.webp,OP01\base\OP01-055.webp [THUMBS_REMOVED_SAME_EXT] -> MISSING | OP01\base\OP01-055.png [THUMBS_TO_BASE_FIX] -> EXISTS | OP01\base\thumbs\OP01-055.png [EXTENSION_FIX] -> MISSING | OP01\base\OP01-055.jpg [THUMBS_TO_BASE_JPG] -> MISSING | OP01/base/thumbs/OP01-055.webp [PATH_ONLY_FIX] -> MISSING,OP01\base\OP01-055.png,YES,THUMBS_TO_BASE_FIX
OP01-056,968,base,OP01/base/thumbs/OP01-056.webp,OP01\base\OP01-056.webp [THUMBS_REMOVED_SAME_EXT] -> MISSING | OP01\base\OP01-056.png [THUMBS_TO_BASE_FIX] -> EXISTS | OP01\base\thumbs\OP01-056.png [EXTENSION_FIX] -> MISSING | OP01\base\OP01-056.jpg [THUMBS_TO_BASE_JPG] -> MISSING | OP01/base/thumbs/OP01-056.webp [PATH_ONLY_FIX] -> MISSING,OP01\base\OP01-056.png,YES,THUMBS_TO_BASE_FIX
OP01-057,970,base,OP01/base/thumbs/OP01-057.webp,OP01\base\OP01-057.webp [THUMBS_REMOVED_SAME_EXT] -> MISSING | OP01\base\OP01-057.png [THUMBS_TO_BASE_FIX] -> EXISTS | OP01\base\thumbs\OP01-057.png [EXTENSION_FIX] -> MISSING | OP01\base\OP01-057.jpg [THUMBS_TO_BASE_JPG] -> MISSING | OP01/base/thumbs/OP01-057.webp [PATH_ONLY_FIX] -> MISSING,OP01\base\OP01-057.png,YES,THUMBS_TO_BASE_FIX
OP01-058,974,base,OP01/base/thumbs/OP01-058.webp,OP01\base\OP01-058.webp [THUMBS_REMOVED_SAME_EXT] -> MISSING | OP01\base\OP01-058.png [THUMBS_TO_BASE_FIX] -> EXISTS | OP01\base\thumbs\OP01-058.png [EXTENSION_FIX] -> MISSING | OP01\base\OP01-058.jpg [THUMBS_TO_BASE_JPG] -> MISSING | OP01/base/thumbs/OP01-058.webp [PATH_ONLY_FIX] -> MISSING,OP01\base\OP01-058.png,YES,THUMBS_TO_BASE_FIX
OP01-059,976,base,OP01/base/thumbs/OP01-059.webp,OP01\base\OP01-059.webp [THUMBS_REMOVED_SAME_EXT] -> MISSING | OP01\base\OP01-059.png [THUMBS_TO_BASE_FIX] -> EXISTS | OP01\base\thumbs\OP01-059.png [EXTENSION_FIX] -> MISSING | OP01\base\OP01-059.jpg [THUMBS_TO_BASE_JPG] -> MISSING | OP01/base/thumbs/OP01-059.webp [PATH_ONLY_FIX] -> MISSING,OP01\base\OP01-059.png,YES,THUMBS_TO_BASE_FIX
OP01-060,978,base,OP01/base/thumbs/OP01-060.webp,OP01\base\OP01-060.webp [THUMBS_REMOVED_SAME_EXT] -> MISSING | OP01\base\OP01-060.png [THUMBS_TO_BASE_FIX] -> EXISTS | OP01\base\thumbs\OP01-060.png [EXTENSION_FIX] -> MISSING | OP01\base\OP01-060.jpg [THUMBS_TO_BASE_JPG] -> MISSING | OP01/base/thumbs/OP01-060.webp [PATH_ONLY_FIX] -> MISSING,OP01\base\OP01-060.png,YES,THUMBS_TO_BASE_FIX
OP01-061,984,base,OP01/base/thumbs/OP01-061.webp,OP01\base\OP01-061.webp [THUMBS_REMOVED_SAME_EXT] -> MISSING | OP01\base\OP01-061.png [THUMBS_TO_BASE_FIX] -> EXISTS | OP01\base\thumbs\OP01-061.png [EXTENSION_FIX] -> MISSING | OP01\base\OP01-061.jpg [THUMBS_TO_BASE_JPG] -> MISSING | OP01/base/thumbs/OP01-061.webp [PATH_ONLY_FIX] -> MISSING,OP01\base\OP01-061.png,YES,THUMBS_TO_BASE_FIX
OP01-062,988,base,OP01/base/thumbs/OP01-062.webp,OP01\base\OP01-062.webp [THUMBS_REMOVED_SAME_EXT] -> MISSING | OP01\base\OP01-062.png [THUMBS_TO_BASE_FIX] -> EXISTS | OP01\base\thumbs\OP01-062.png [EXTENSION_FIX] -> MISSING | OP01\base\OP01-062.jpg [THUMBS_TO_BASE_JPG] -> MISSING | OP01/base/thumbs/OP01-062.webp [PATH_ONLY_FIX] -> MISSING,OP01\base\OP01-062.png,YES,THUMBS_TO_BASE_FIX
OP01-063,992,base,OP01/base/thumbs/OP01-063.webp,OP01\base\OP01-063.webp [THUMBS_REMOVED_SAME_EXT] -> MISSING | OP01\base\OP01-063.png [THUMBS_TO_BASE_FIX] -> EXISTS | OP01\base\thumbs\OP01-063.png [EXTENSION_FIX] -> MISSING | OP01\base\OP01-063.jpg [THUMBS_TO_BASE_JPG] -> MISSING | OP01/base/thumbs/OP01-063.webp [PATH_ONLY_FIX] -> MISSING,OP01\base\OP01-063.png,YES,THUMBS_TO_BASE_FIX
OP01-064,994,base,OP01/base/thumbs/OP01-064.webp,OP01\base\OP01-064.webp [THUMBS_REMOVED_SAME_EXT] -> MISSING | OP01\base\OP01-064.png [THUMBS_TO_BASE_FIX] -> EXISTS | OP01\base\thumbs\OP01-064.png [EXTENSION_FIX] -> MISSING | OP01\base\OP01-064.jpg [THUMBS_TO_BASE_JPG] -> MISSING | OP01/base/thumbs/OP01-064.webp [PATH_ONLY_FIX] -> MISSING,OP01\base\OP01-064.png,YES,THUMBS_TO_BASE_FIX
OP01-065,998,base,OP01/base/thumbs/OP01-065.webp,OP01\base\OP01-065.webp [THUMBS_REMOVED_SAME_EXT] -> MISSING | OP01\base\OP01-065.png [THUMBS_TO_BASE_FIX] -> EXISTS | OP01\base\thumbs\OP01-065.png [EXTENSION_FIX] -> MISSING | OP01\base\OP01-065.jpg [THUMBS_TO_BASE_JPG] -> MISSING | OP01/base/thumbs/OP01-065.webp [PATH_ONLY_FIX] -> MISSING,OP01\base\OP01-065.png,YES,THUMBS_TO_BASE_FIX
OP01-066,1000,base,OP01/base/thumbs/OP01-066.webp,OP01\base\OP01-066.webp [THUMBS_REMOVED_SAME_EXT] -> MISSING | OP01\base\OP01-066.png [THUMBS_TO_BASE_FIX] -> EXISTS | OP01\base\thumbs\OP01-066.png [EXTENSION_FIX] -> MISSING | OP01\base\OP01-066.jpg [THUMBS_TO_BASE_JPG] -> MISSING | OP01/base/thumbs/OP01-066.webp [PATH_ONLY_FIX] -> MISSING,OP01\base\OP01-066.png,YES,THUMBS_TO_BASE_FIX
OP01-067,1002,base,OP01/base/thumbs/OP01-067.webp,OP01\base\OP01-067.webp [THUMBS_REMOVED_SAME_EXT] -> MISSING | OP01\base\OP01-067.png [THUMBS_TO_BASE_FIX] -> EXISTS | OP01\base\thumbs\OP01-067.png [EXTENSION_FIX] -> MISSING | OP01\base\OP01-067.jpg [THUMBS_TO_BASE_JPG] -> MISSING | OP01/base/thumbs/OP01-067.webp [PATH_ONLY_FIX] -> MISSING,OP01\base\OP01-067.png,YES,THUMBS_TO_BASE_FIX
OP01-068,1006,base,OP01/base/thumbs/OP01-068.webp,OP01\base\OP01-068.webp [THUMBS_REMOVED_SAME_EXT] -> MISSING | OP01\base\OP01-068.png [THUMBS_TO_BASE_FIX] -> EXISTS | OP01\base\thumbs\OP01-068.png [EXTENSION_FIX] -> MISSING | OP01\base\OP01-068.jpg [THUMBS_TO_BASE_JPG] -> MISSING | OP01/base/thumbs/OP01-068.webp [PATH_ONLY_FIX] -> MISSING,OP01\base\OP01-068.png,YES,THUMBS_TO_BASE_FIX
OP01-069,1008,base,OP01/base/thumbs/OP01-069.webp,OP01\base\OP01-069.webp [THUMBS_REMOVED_SAME_EXT] -> MISSING | OP01\base\OP01-069.png [THUMBS_TO_BASE_FIX] -> EXISTS | OP01\base\thumbs\OP01-069.png [EXTENSION_FIX] -> MISSING | OP01\base\OP01-069.jpg [THUMBS_TO_BASE_JPG] -> MISSING | OP01/base/thumbs/OP01-069.webp [PATH_ONLY_FIX] -> MISSING,OP01\base\OP01-069.png,YES,THUMBS_TO_BASE_FIX
OP01-070,1010,base,OP01/base/thumbs/OP01-070.webp,OP01\base\OP01-070.webp [THUMBS_REMOVED_SAME_EXT] -> MISSING | OP01\base\OP01-070.png [THUMBS_TO_BASE_FIX] -> EXISTS | OP01\base\thumbs\OP01-070.png [EXTENSION_FIX] -> MISSING | OP01\base\OP01-070.jpg [THUMBS_TO_BASE_JPG] -> MISSING | OP01/base/thumbs/OP01-070.webp [PATH_ONLY_FIX] -> MISSING,OP01\base\OP01-070.png,YES,THUMBS_TO_BASE_FIX
OP01-071,1019,base,OP01/base/thumbs/OP01-071.webp,OP01\base\OP01-071.webp [THUMBS_REMOVED_SAME_EXT] -> MISSING | OP01\base\OP01-071.png [THUMBS_TO_BASE_FIX] -> EXISTS | OP01\base\thumbs\OP01-071.png [EXTENSION_FIX] -> MISSING | OP01\base\OP01-071.jpg [THUMBS_TO_BASE_JPG] -> MISSING | OP01/base/thumbs/OP01-071.webp [PATH_ONLY_FIX] -> MISSING,OP01\base\OP01-071.png,YES,THUMBS_TO_BASE_FIX
OP01-072,1021,base,OP01/base/thumbs/OP01-072.webp,OP01\base\OP01-072.webp [THUMBS_REMOVED_SAME_EXT] -> MISSING | OP01\base\OP01-072.png [THUMBS_TO_BASE_FIX] -> EXISTS | OP01\base\thumbs\OP01-072.png [EXTENSION_FIX] -> MISSING | OP01\base\OP01-072.jpg [THUMBS_TO_BASE_JPG] -> MISSING | OP01/base/thumbs/OP01-072.webp [PATH_ONLY_FIX] -> MISSING,OP01\base\OP01-072.png,YES,THUMBS_TO_BASE_FIX
OP01-073,1023,base,OP01/base/thumbs/OP01-073.webp,OP01\base\OP01-073.webp [THUMBS_REMOVED_SAME_EXT] -> MISSING | OP01\base\OP01-073.png [THUMBS_TO_BASE_FIX] -> EXISTS | OP01\base\thumbs\OP01-073.png [EXTENSION_FIX] -> MISSING | OP01\base\OP01-073.jpg [THUMBS_TO_BASE_JPG] -> MISSING | OP01/base/thumbs/OP01-073.webp [PATH_ONLY_FIX] -> MISSING,OP01\base\OP01-073.png,YES,THUMBS_TO_BASE_FIX
OP01-074,1030,base,OP01/base/thumbs/OP01-074.webp,OP01\base\OP01-074.webp [THUMBS_REMOVED_SAME_EXT] -> MISSING | OP01\base\OP01-074.png [THUMBS_TO_BASE_FIX] -> EXISTS | OP01\base\thumbs\OP01-074.png [EXTENSION_FIX] -> MISSING | OP01\base\OP01-074.jpg [THUMBS_TO_BASE_JPG] -> MISSING | OP01/base/thumbs/OP01-074.webp [PATH_ONLY_FIX] -> MISSING,OP01\base\OP01-074.png,YES,THUMBS_TO_BASE_FIX
OP01-075,1032,base,OP01/base/thumbs/OP01-075.webp,OP01\base\OP01-075.webp [THUMBS_REMOVED_SAME_EXT] -> MISSING | OP01\base\OP01-075.png [THUMBS_TO_BASE_FIX] -> EXISTS | OP01\base\thumbs\OP01-075.png [EXTENSION_FIX] -> MISSING | OP01\base\OP01-075.jpg [THUMBS_TO_BASE_JPG] -> MISSING | OP01/base/thumbs/OP01-075.webp [PATH_ONLY_FIX] -> MISSING,OP01\base\OP01-075.png,YES,THUMBS_TO_BASE_FIX
OP01-076,1034,base,OP01/base/thumbs/OP01-076.webp,OP01\base\OP01-076.webp [THUMBS_REMOVED_SAME_EXT] -> MISSING | OP01\base\OP01-076.png [THUMBS_TO_BASE_FIX] -> EXISTS | OP01\base\thumbs\OP01-076.png [EXTENSION_FIX] -> MISSING | OP01\base\OP01-076.jpg [THUMBS_TO_BASE_JPG] -> MISSING | OP01/base/thumbs/OP01-076.webp [PATH_ONLY_FIX] -> MISSING,OP01\base\OP01-076.png,YES,THUMBS_TO_BASE_FIX
OP01-077,1036,base,OP01/base/thumbs/OP01-077.webp,OP01\base\OP01-077.webp [THUMBS_REMOVED_SAME_EXT] -> MISSING | OP01\base\OP01-077.png [THUMBS_TO_BASE_FIX] -> EXISTS | OP01\base\thumbs\OP01-077.png [EXTENSION_FIX] -> MISSING | OP01\base\OP01-077.jpg [THUMBS_TO_BASE_JPG] -> MISSING | OP01/base/thumbs/OP01-077.webp [PATH_ONLY_FIX] -> MISSING,OP01\base\OP01-077.png,YES,THUMBS_TO_BASE_FIX
OP01-078,1042,base,OP01/base/thumbs/OP01-078.webp,OP01\base\OP01-078.webp [THUMBS_REMOVED_SAME_EXT] -> MISSING | OP01\base\OP01-078.png [THUMBS_TO_BASE_FIX] -> EXISTS | OP01\base\thumbs\OP01-078.png [EXTENSION_FIX] -> MISSING | OP01\base\OP01-078.jpg [THUMBS_TO_BASE_JPG] -> MISSING | OP01/base/thumbs/OP01-078.webp [PATH_ONLY_FIX] -> MISSING,OP01\base\OP01-078.png,YES,THUMBS_TO_BASE_FIX
OP01-079,1051,base,OP01/base/thumbs/OP01-079.webp,OP01\base\OP01-079.webp [THUMBS_REMOVED_SAME_EXT] -> MISSING | OP01\base\OP01-079.png [THUMBS_TO_BASE_FIX] -> EXISTS | OP01\base\thumbs\OP01-079.png [EXTENSION_FIX] -> MISSING | OP01\base\OP01-079.jpg [THUMBS_TO_BASE_JPG] -> MISSING | OP01/base/thumbs/OP01-079.webp [PATH_ONLY_FIX] -> MISSING,OP01\base\OP01-079.png,YES,THUMBS_TO_BASE_FIX
OP01-080,1054,base,OP01/base/thumbs/OP01-080.webp,OP01\base\OP01-080.webp [THUMBS_REMOVED_SAME_EXT] -> MISSING | OP01\base\OP01-080.png [THUMBS_TO_BASE_FIX] -> EXISTS | OP01\base\thumbs\OP01-080.png [EXTENSION_FIX] -> MISSING | OP01\base\OP01-080.jpg [THUMBS_TO_BASE_JPG] -> MISSING | OP01/base/thumbs/OP01-080.webp [PATH_ONLY_FIX] -> MISSING,OP01\base\OP01-080.png,YES,THUMBS_TO_BASE_FIX
OP01-081,1056,base,OP01/base/thumbs/OP01-081.webp,OP01\base\OP01-081.webp [THUMBS_REMOVED_SAME_EXT] -> MISSING | OP01\base\OP01-081.png [THUMBS_TO_BASE_FIX] -> EXISTS | OP01\base\thumbs\OP01-081.png [EXTENSION_FIX] -> MISSING | OP01\base\OP01-081.jpg [THUMBS_TO_BASE_JPG] -> MISSING | OP01/base/thumbs/OP01-081.webp [PATH_ONLY_FIX] -> MISSING,OP01\base\OP01-081.png,YES,THUMBS_TO_BASE_FIX
OP01-082,1058,base,OP01/base/thumbs/OP01-082.webp,OP01\base\OP01-082.webp [THUMBS_REMOVED_SAME_EXT] -> MISSING | OP01\base\OP01-082.png [THUMBS_TO_BASE_FIX] -> EXISTS | OP01\base\thumbs\OP01-082.png [EXTENSION_FIX] -> MISSING | OP01\base\OP01-082.jpg [THUMBS_TO_BASE_JPG] -> MISSING | OP01/base/thumbs/OP01-082.webp [PATH_ONLY_FIX] -> MISSING,OP01\base\OP01-082.png,YES,THUMBS_TO_BASE_FIX
OP01-083,1060,base,OP01/base/thumbs/OP01-083.webp,OP01\base\OP01-083.webp [THUMBS_REMOVED_SAME_EXT] -> MISSING | OP01\base\OP01-083.png [THUMBS_TO_BASE_FIX] -> EXISTS | OP01\base\thumbs\OP01-083.png [EXTENSION_FIX] -> MISSING | OP01\base\OP01-083.jpg [THUMBS_TO_BASE_JPG] -> MISSING | OP01/base/thumbs/OP01-083.webp [PATH_ONLY_FIX] -> MISSING,OP01\base\OP01-083.png,YES,THUMBS_TO_BASE_FIX
OP01-084,1062,base,OP01/base/thumbs/OP01-084.webp,OP01\base\OP01-084.webp [THUMBS_REMOVED_SAME_EXT] -> MISSING | OP01\base\OP01-084.png [THUMBS_TO_BASE_FIX] -> EXISTS | OP01\base\thumbs\OP01-084.png [EXTENSION_FIX] -> MISSING | OP01\base\OP01-084.jpg [THUMBS_TO_BASE_JPG] -> MISSING | OP01/base/thumbs/OP01-084.webp [PATH_ONLY_FIX] -> MISSING,OP01\base\OP01-084.png,YES,THUMBS_TO_BASE_FIX
OP01-085,1064,base,OP01/base/thumbs/OP01-085.webp,OP01\base\OP01-085.webp [THUMBS_REMOVED_SAME_EXT] -> MISSING | OP01\base\OP01-085.png [THUMBS_TO_BASE_FIX] -> EXISTS | OP01\base\thumbs\OP01-085.png [EXTENSION_FIX] -> MISSING | OP01\base\OP01-085.jpg [THUMBS_TO_BASE_JPG] -> MISSING | OP01/base/thumbs/OP01-085.webp [PATH_ONLY_FIX] -> MISSING,OP01\base\OP01-085.png,YES,THUMBS_TO_BASE_FIX
OP01-086,1066,base,OP01/base/thumbs/OP01-086.webp,OP01\base\OP01-086.webp [THUMBS_REMOVED_SAME_EXT] -> MISSING | OP01\base\OP01-086.png [THUMBS_TO_BASE_FIX] -> EXISTS | OP01\base\thumbs\OP01-086.png [EXTENSION_FIX] -> MISSING | OP01\base\OP01-086.jpg [THUMBS_TO_BASE_JPG] -> MISSING | OP01/base/thumbs/OP01-086.webp [PATH_ONLY_FIX] -> MISSING,OP01\base\OP01-086.png,YES,THUMBS_TO_BASE_FIX
OP01-087,1069,base,OP01/base/thumbs/OP01-087.webp,OP01\base\OP01-087.webp [THUMBS_REMOVED_SAME_EXT] -> MISSING | OP01\base\OP01-087.png [THUMBS_TO_BASE_FIX] -> EXISTS | OP01\base\thumbs\OP01-087.png [EXTENSION_FIX] -> MISSING | OP01\base\OP01-087.jpg [THUMBS_TO_BASE_JPG] -> MISSING | OP01/base/thumbs/OP01-087.webp [PATH_ONLY_FIX] -> MISSING,OP01\base\OP01-087.png,YES,THUMBS_TO_BASE_FIX
OP01-088,1071,base,OP01/base/thumbs/OP01-088.webp,OP01\base\OP01-088.webp [THUMBS_REMOVED_SAME_EXT] -> MISSING | OP01\base\OP01-088.png [THUMBS_TO_BASE_FIX] -> EXISTS | OP01\base\thumbs\OP01-088.png [EXTENSION_FIX] -> MISSING | OP01\base\OP01-088.jpg [THUMBS_TO_BASE_JPG] -> MISSING | OP01/base/thumbs/OP01-088.webp [PATH_ONLY_FIX] -> MISSING,OP01\base\OP01-088.png,YES,THUMBS_TO_BASE_FIX
OP01-089,1073,base,OP01/base/thumbs/OP01-089.webp,OP01\base\OP01-089.webp [THUMBS_REMOVED_SAME_EXT] -> MISSING | OP01\base\OP01-089.png [THUMBS_TO_BASE_FIX] -> EXISTS | OP01\base\thumbs\OP01-089.png [EXTENSION_FIX] -> MISSING | OP01\base\OP01-089.jpg [THUMBS_TO_BASE_JPG] -> MISSING | OP01/base/thumbs/OP01-089.webp [PATH_ONLY_FIX] -> MISSING,OP01\base\OP01-089.png,YES,THUMBS_TO_BASE_FIX
OP01-090,1075,base,OP01/base/thumbs/OP01-090.webp,OP01\base\OP01-090.webp [THUMBS_REMOVED_SAME_EXT] -> MISSING | OP01\base\OP01-090.png [THUMBS_TO_BASE_FIX] -> EXISTS | OP01\base\thumbs\OP01-090.png [EXTENSION_FIX] -> MISSING | OP01\base\OP01-090.jpg [THUMBS_TO_BASE_JPG] -> MISSING | OP01/base/thumbs/OP01-090.webp [PATH_ONLY_FIX] -> MISSING,OP01\base\OP01-090.png,YES,THUMBS_TO_BASE_FIX
OP01-091,1077,base,OP01/base/thumbs/OP01-091.webp,OP01\base\OP01-091.webp [THUMBS_REMOVED_SAME_EXT] -> MISSING | OP01\base\OP01-091.png [THUMBS_TO_BASE_FIX] -> EXISTS | OP01\base\thumbs\OP01-091.png [EXTENSION_FIX] -> MISSING | OP01\base\OP01-091.jpg [THUMBS_TO_BASE_JPG] -> MISSING | OP01/base/thumbs/OP01-091.webp [PATH_ONLY_FIX] -> MISSING,OP01\base\OP01-091.png,YES,THUMBS_TO_BASE_FIX
OP01-092,1081,base,OP01/base/thumbs/OP01-092.webp,OP01\base\OP01-092.webp [THUMBS_REMOVED_SAME_EXT] -> MISSING | OP01\base\OP01-092.png [THUMBS_TO_BASE_FIX] -> EXISTS | OP01\base\thumbs\OP01-092.png [EXTENSION_FIX] -> MISSING | OP01\base\OP01-092.jpg [THUMBS_TO_BASE_JPG] -> MISSING | OP01/base/thumbs/OP01-092.webp [PATH_ONLY_FIX] -> MISSING,OP01\base\OP01-092.png,YES,THUMBS_TO_BASE_FIX
OP01-093,1083,base,OP01/base/thumbs/OP01-093.webp,OP01\base\OP01-093.webp [THUMBS_REMOVED_SAME_EXT] -> MISSING | OP01\base\OP01-093.png [THUMBS_TO_BASE_FIX] -> EXISTS | OP01\base\thumbs\OP01-093.png [EXTENSION_FIX] -> MISSING | OP01\base\OP01-093.jpg [THUMBS_TO_BASE_JPG] -> MISSING | OP01/base/thumbs/OP01-093.webp [PATH_ONLY_FIX] -> MISSING,OP01\base\OP01-093.png,YES,THUMBS_TO_BASE_FIX
OP01-094,1088,base,OP01/base/thumbs/OP01-094.webp,OP01\base\OP01-094.webp [THUMBS_REMOVED_SAME_EXT] -> MISSING | OP01\base\OP01-094.png [THUMBS_TO_BASE_FIX] -> EXISTS | OP01\base\thumbs\OP01-094.png [EXTENSION_FIX] -> MISSING | OP01\base\OP01-094.jpg [THUMBS_TO_BASE_JPG] -> MISSING | OP01/base/thumbs/OP01-094.webp [PATH_ONLY_FIX] -> MISSING,OP01\base\OP01-094.png,YES,THUMBS_TO_BASE_FIX
OP01-095,1093,base,OP01/base/thumbs/OP01-095.webp,OP01\base\OP01-095.webp [THUMBS_REMOVED_SAME_EXT] -> MISSING | OP01\base\OP01-095.png [THUMBS_TO_BASE_FIX] -> EXISTS | OP01\base\thumbs\OP01-095.png [EXTENSION_FIX] -> MISSING | OP01\base\OP01-095.jpg [THUMBS_TO_BASE_JPG] -> MISSING | OP01/base/thumbs/OP01-095.webp [PATH_ONLY_FIX] -> MISSING,OP01\base\OP01-095.png,YES,THUMBS_TO_BASE_FIX
OP01-096,1095,base,OP01/base/thumbs/OP01-096.webp,OP01\base\OP01-096.webp [THUMBS_REMOVED_SAME_EXT] -> MISSING | OP01\base\OP01-096.png [THUMBS_TO_BASE_FIX] -> EXISTS | OP01\base\thumbs\OP01-096.png [EXTENSION_FIX] -> MISSING | OP01\base\OP01-096.jpg [THUMBS_TO_BASE_JPG] -> MISSING | OP01/base/thumbs/OP01-096.webp [PATH_ONLY_FIX] -> MISSING,OP01\base\OP01-096.png,YES,THUMBS_TO_BASE_FIX
OP01-097,1099,base,OP01/base/thumbs/OP01-097.webp,OP01\base\OP01-097.webp [THUMBS_REMOVED_SAME_EXT] -> MISSING | OP01\base\OP01-097.png [THUMBS_TO_BASE_FIX] -> EXISTS | OP01\base\thumbs\OP01-097.png [EXTENSION_FIX] -> MISSING | OP01\base\OP01-097.jpg [THUMBS_TO_BASE_JPG] -> MISSING | OP01/base/thumbs/OP01-097.webp [PATH_ONLY_FIX] -> MISSING,OP01\base\OP01-097.png,YES,THUMBS_TO_BASE_FIX
OP01-098,1102,base,OP01/base/thumbs/OP01-098.webp,OP01\base\OP01-098.webp [THUMBS_REMOVED_SAME_EXT] -> MISSING | OP01\base\OP01-098.png [THUMBS_TO_BASE_FIX] -> EXISTS | OP01\base\thumbs\OP01-098.png [EXTENSION_FIX] -> MISSING | OP01\base\OP01-098.jpg [THUMBS_TO_BASE_JPG] -> MISSING | OP01/base/thumbs/OP01-098.webp [PATH_ONLY_FIX] -> MISSING,OP01\base\OP01-098.png,YES,THUMBS_TO_BASE_FIX
OP01-099,1104,base,OP01/base/thumbs/OP01-099.webp,OP01\base\OP01-099.webp [THUMBS_REMOVED_SAME_EXT] -> MISSING | OP01\base\OP01-099.png [THUMBS_TO_BASE_FIX] -> EXISTS | OP01\base\thumbs\OP01-099.png [EXTENSION_FIX] -> MISSING | OP01\base\OP01-099.jpg [THUMBS_TO_BASE_JPG] -> MISSING | OP01/base/thumbs/OP01-099.webp [PATH_ONLY_FIX] -> MISSING,OP01\base\OP01-099.png,YES,THUMBS_TO_BASE_FIX
OP01-100,1106,base,OP01/base/thumbs/OP01-100.webp,OP01\base\OP01-100.webp [THUMBS_REMOVED_SAME_EXT] -> MISSING | OP01\base\OP01-100.png [THUMBS_TO_BASE_FIX] -> EXISTS | OP01\base\thumbs\OP01-100.png [EXTENSION_FIX] -> MISSING | OP01\base\OP01-100.jpg [THUMBS_TO_BASE_JPG] -> MISSING | OP01/base/thumbs/OP01-100.webp [PATH_ONLY_FIX] -> MISSING,OP01\base\OP01-100.png,YES,THUMBS_TO_BASE_FIX
OP01-101,1108,base,OP01/base/thumbs/OP01-101.webp,OP01\base\OP01-101.webp [THUMBS_REMOVED_SAME_EXT] -> MISSING | OP01\base\OP01-101.png [THUMBS_TO_BASE_FIX] -> EXISTS | OP01\base\thumbs\OP01-101.png [EXTENSION_FIX] -> MISSING | OP01\base\OP01-101.jpg [THUMBS_TO_BASE_JPG] -> MISSING | OP01/base/thumbs/OP01-101.webp [PATH_ONLY_FIX] -> MISSING,OP01\base\OP01-101.png,YES,THUMBS_TO_BASE_FIX
OP01-102,1112,base,OP01/base/thumbs/OP01-102.webp,OP01\base\OP01-102.webp [THUMBS_REMOVED_SAME_EXT] -> MISSING | OP01\base\OP01-102.png [THUMBS_TO_BASE_FIX] -> EXISTS | OP01\base\thumbs\OP01-102.png [EXTENSION_FIX] -> MISSING | OP01\base\OP01-102.jpg [THUMBS_TO_BASE_JPG] -> MISSING | OP01/base/thumbs/OP01-102.webp [PATH_ONLY_FIX] -> MISSING,OP01\base\OP01-102.png,YES,THUMBS_TO_BASE_FIX
OP01-103,1116,base,OP01/base/thumbs/OP01-103.webp,OP01\base\OP01-103.webp [THUMBS_REMOVED_SAME_EXT] -> MISSING | OP01\base\OP01-103.png [THUMBS_TO_BASE_FIX] -> EXISTS | OP01\base\thumbs\OP01-103.png [EXTENSION_FIX] -> MISSING | OP01\base\OP01-103.jpg [THUMBS_TO_BASE_JPG] -> MISSING | OP01/base/thumbs/OP01-103.webp [PATH_ONLY_FIX] -> MISSING,OP01\base\OP01-103.png,YES,THUMBS_TO_BASE_FIX
OP01-104,1118,base,OP01/base/thumbs/OP01-104.webp,OP01\base\OP01-104.webp [THUMBS_REMOVED_SAME_EXT] -> MISSING | OP01\base\OP01-104.png [THUMBS_TO_BASE_FIX] -> EXISTS | OP01\base\thumbs\OP01-104.png [EXTENSION_FIX] -> MISSING | OP01\base\OP01-104.jpg [THUMBS_TO_BASE_JPG] -> MISSING | OP01/base/thumbs/OP01-104.webp [PATH_ONLY_FIX] -> MISSING,OP01\base\OP01-104.png,YES,THUMBS_TO_BASE_FIX
OP01-105,1120,base,OP01/base/thumbs/OP01-105.webp,OP01\base\OP01-105.webp [THUMBS_REMOVED_SAME_EXT] -> MISSING | OP01\base\OP01-105.png [THUMBS_TO_BASE_FIX] -> EXISTS | OP01\base\thumbs\OP01-105.png [EXTENSION_FIX] -> MISSING | OP01\base\OP01-105.jpg [THUMBS_TO_BASE_JPG] -> MISSING | OP01/base/thumbs/OP01-105.webp [PATH_ONLY_FIX] -> MISSING,OP01\base\OP01-105.png,YES,THUMBS_TO_BASE_FIX
OP01-106,1122,base,OP01/base/thumbs/OP01-106.webp,OP01\base\OP01-106.webp [THUMBS_REMOVED_SAME_EXT] -> MISSING | OP01\base\OP01-106.png [THUMBS_TO_BASE_FIX] -> EXISTS | OP01\base\thumbs\OP01-106.png [EXTENSION_FIX] -> MISSING | OP01\base\OP01-106.jpg [THUMBS_TO_BASE_JPG] -> MISSING | OP01/base/thumbs/OP01-106.webp [PATH_ONLY_FIX] -> MISSING,OP01\base\OP01-106.png,YES,THUMBS_TO_BASE_FIX
OP01-107,1124,base,OP01/base/thumbs/OP01-107.webp,OP01\base\OP01-107.webp [THUMBS_REMOVED_SAME_EXT] -> MISSING | OP01\base\OP01-107.png [THUMBS_TO_BASE_FIX] -> EXISTS | OP01\base\thumbs\OP01-107.png [EXTENSION_FIX] -> MISSING | OP01\base\OP01-107.jpg [THUMBS_TO_BASE_JPG] -> MISSING | OP01/base/thumbs/OP01-107.webp [PATH_ONLY_FIX] -> MISSING,OP01\base\OP01-107.png,YES,THUMBS_TO_BASE_FIX
OP01-108,1126,base,OP01/base/thumbs/OP01-108.webp,OP01\base\OP01-108.webp [THUMBS_REMOVED_SAME_EXT] -> MISSING | OP01\base\OP01-108.png [THUMBS_TO_BASE_FIX] -> EXISTS | OP01\base\thumbs\OP01-108.png [EXTENSION_FIX] -> MISSING | OP01\base\OP01-108.jpg [THUMBS_TO_BASE_JPG] -> MISSING | OP01/base/thumbs/OP01-108.webp [PATH_ONLY_FIX] -> MISSING,OP01\base\OP01-108.png,YES,THUMBS_TO_BASE_FIX
OP01-109,1129,base,OP01/base/thumbs/OP01-109.webp,OP01\base\OP01-109.webp [THUMBS_REMOVED_SAME_EXT] -> MISSING | OP01\base\OP01-109.png [THUMBS_TO_BASE_FIX] -> EXISTS | OP01\base\thumbs\OP01-109.png [EXTENSION_FIX] -> MISSING | OP01\base\OP01-109.jpg [THUMBS_TO_BASE_JPG] -> MISSING | OP01/base/thumbs/OP01-109.webp [PATH_ONLY_FIX] -> MISSING,OP01\base\OP01-109.png,YES,THUMBS_TO_BASE_FIX
OP01-110,1133,base,OP01/base/thumbs/OP01-110.webp,OP01\base\OP01-110.webp [THUMBS_REMOVED_SAME_EXT] -> MISSING | OP01\base\OP01-110.png [THUMBS_TO_BASE_FIX] -> EXISTS | OP01\base\thumbs\OP01-110.png [EXTENSION_FIX] -> MISSING | OP01\base\OP01-110.jpg [THUMBS_TO_BASE_JPG] -> MISSING | OP01/base/thumbs/OP01-110.webp [PATH_ONLY_FIX] -> MISSING,OP01\base\OP01-110.png,YES,THUMBS_TO_BASE_FIX
OP01-111,1135,base,OP01/base/thumbs/OP01-111.webp,OP01\base\OP01-111.webp [THUMBS_REMOVED_SAME_EXT] -> MISSING | OP01\base\OP01-111.png [THUMBS_TO_BASE_FIX] -> EXISTS | OP01\base\thumbs\OP01-111.png [EXTENSION_FIX] -> MISSING | OP01\base\OP01-111.jpg [THUMBS_TO_BASE_JPG] -> MISSING | OP01/base/thumbs/OP01-111.webp [PATH_ONLY_FIX] -> MISSING,OP01\base\OP01-111.png,YES,THUMBS_TO_BASE_FIX
OP01-112,1137,base,OP01/base/thumbs/OP01-112.webp,OP01\base\OP01-112.webp [THUMBS_REMOVED_SAME_EXT] -> MISSING | OP01\base\OP01-112.png [THUMBS_TO_BASE_FIX] -> EXISTS | OP01\base\thumbs\OP01-112.png [EXTENSION_FIX] -> MISSING | OP01\base\OP01-112.jpg [THUMBS_TO_BASE_JPG] -> MISSING | OP01/base/thumbs/OP01-112.webp [PATH_ONLY_FIX] -> MISSING,OP01\base\OP01-112.png,YES,THUMBS_TO_BASE_FIX
OP01-113,1139,base,OP01/base/thumbs/OP01-113.webp,OP01\base\OP01-113.webp [THUMBS_REMOVED_SAME_EXT] -> MISSING | OP01\base\OP01-113.png [THUMBS_TO_BASE_FIX] -> EXISTS | OP01\base\thumbs\OP01-113.png [EXTENSION_FIX] -> MISSING | OP01\base\OP01-113.jpg [THUMBS_TO_BASE_JPG] -> MISSING | OP01/base/thumbs/OP01-113.webp [PATH_ONLY_FIX] -> MISSING,OP01\base\OP01-113.png,YES,THUMBS_TO_BASE_FIX
OP01-114,1141,base,OP01/base/thumbs/OP01-114.webp,OP01\base\OP01-114.webp [THUMBS_REMOVED_SAME_EXT] -> MISSING | OP01\base\OP01-114.png [THUMBS_TO_BASE_FIX] -> EXISTS | OP01\base\thumbs\OP01-114.png [EXTENSION_FIX] -> MISSING | OP01\base\OP01-114.jpg [THUMBS_TO_BASE_JPG] -> MISSING | OP01/base/thumbs/OP01-114.webp [PATH_ONLY_FIX] -> MISSING,OP01\base\OP01-114.png,YES,THUMBS_TO_BASE_FIX
OP01-115,1144,base,OP01/base/thumbs/OP01-115.webp,OP01\base\OP01-115.webp [THUMBS_REMOVED_SAME_EXT] -> MISSING | OP01\base\OP01-115.png [THUMBS_TO_BASE_FIX] -> EXISTS | OP01\base\thumbs\OP01-115.png [EXTENSION_FIX] -> MISSING | OP01\base\OP01-115.jpg [THUMBS_TO_BASE_JPG] -> MISSING | OP01/base/thumbs/OP01-115.webp [PATH_ONLY_FIX] -> MISSING,OP01\base\OP01-115.png,YES,THUMBS_TO_BASE_FIX
OP01-116,1146,base,OP01/base/thumbs/OP01-116.webp,OP01\base\OP01-116.webp [THUMBS_REMOVED_SAME_EXT] -> MISSING | OP01\base\OP01-116.png [THUMBS_TO_BASE_FIX] -> EXISTS | OP01\base\thumbs\OP01-116.png [EXTENSION_FIX] -> MISSING | OP01\base\OP01-116.jpg [THUMBS_TO_BASE_JPG] -> MISSING | OP01/base/thumbs/OP01-116.webp [PATH_ONLY_FIX] -> MISSING,OP01\base\OP01-116.png,YES,THUMBS_TO_BASE_FIX
OP01-117,1148,base,OP01/base/thumbs/OP01-117.webp,OP01\base\OP01-117.webp [THUMBS_REMOVED_SAME_EXT] -> MISSING | OP01\base\OP01-117.png [THUMBS_TO_BASE_FIX] -> EXISTS | OP01\base\thumbs\OP01-117.png [EXTENSION_FIX] -> MISSING | OP01\base\OP01-117.jpg [THUMBS_TO_BASE_JPG] -> MISSING | OP01/base/thumbs/OP01-117.webp [PATH_ONLY_FIX] -> MISSING,OP01\base\OP01-117.png,YES,THUMBS_TO_BASE_FIX
OP01-118,1150,base,OP01/base/thumbs/OP01-118.webp,OP01\base\OP01-118.webp [THUMBS_REMOVED_SAME_EXT] -> MISSING | OP01\base\OP01-118.png [THUMBS_TO_BASE_FIX] -> EXISTS | OP01\base\thumbs\OP01-118.png [EXTENSION_FIX] -> MISSING | OP01\base\OP01-118.jpg [THUMBS_TO_BASE_JPG] -> MISSING | OP01/base/thumbs/OP01-118.webp [PATH_ONLY_FIX] -> MISSING,OP01\base\OP01-118.png,YES,THUMBS_TO_BASE_FIX
OP01-119,1152,base,OP01/base/thumbs/OP01-119.webp,OP01\base\OP01-119.webp [THUMBS_REMOVED_SAME_EXT] -> MISSING | OP01\base\OP01-119.png [THUMBS_TO_BASE_FIX] -> EXISTS | OP01\base\thumbs\OP01-119.png [EXTENSION_FIX] -> MISSING | OP01\base\OP01-119.jpg [THUMBS_TO_BASE_JPG] -> MISSING | OP01/base/thumbs/OP01-119.webp [PATH_ONLY_FIX] -> MISSING,OP01\base\OP01-119.png,YES,THUMBS_TO_BASE_FIX
OP01-120,1154,base,OP01/base/thumbs/OP01-120.webp,OP01\base\OP01-120.webp [THUMBS_REMOVED_SAME_EXT] -> MISSING | OP01\base\OP01-120.png [THUMBS_TO_BASE_FIX] -> EXISTS | OP01\base\thumbs\OP01-120.png [EXTENSION_FIX] -> MISSING | OP01\base\OP01-120.jpg [THUMBS_TO_BASE_JPG] -> MISSING | OP01/base/thumbs/OP01-120.webp [PATH_ONLY_FIX] -> MISSING,OP01\base\OP01-120.png,YES,THUMBS_TO_BASE_FIX
OP01-121,1165,base,OP01/base/thumbs/OP01-121.webp,OP01\base\OP01-121.webp [THUMBS_REMOVED_SAME_EXT] -> MISSING | OP01\base\OP01-121.png [THUMBS_TO_BASE_FIX] -> EXISTS | OP01\base\thumbs\OP01-121.png [EXTENSION_FIX] -> MISSING | OP01\base\OP01-121.jpg [THUMBS_TO_BASE_JPG] -> MISSING | OP01/base/thumbs/OP01-121.webp [PATH_ONLY_FIX] -> MISSING,OP01\base\OP01-121.png,YES,THUMBS_TO_BASE_FIX
