printing_id,card_code,variant_key,justtcg_found,tcgplayer_product_id,variant_id,product_name,resolved_set_context,listing_type,confidence,discovery_note
736,OP01-006,parallel_3,TRUE,586187; 593270; 594067; 594291,,Otama (Alternate Art); Otama (Full Art); Otama (Jolly Roger Foil); Otama (Reprint),Premium Booster -The Best-,AMBIGUOUS,MEDIUM,3 variants vs 4 alt-set SKUs - pairing requires parallel identity mapping
737,OP01-006,parallel_4,TRUE,586187; 593270; 594067; 594291,,Otama (Alternate Art); Otama (Full Art); Otama (Jolly Roger Foil); Otama (Reprint),Premium Booster -The Best-,AMBIGUOUS,MEDIUM,3 variants vs 4 alt-set SKUs - pairing requires parallel identity mapping
738,OP01-006,parallel_5,TRUE,586187; 593270; 594067; 594291,,Otama (Alternate Art); Otama (Full Art); Otama (Jolly Roger Foil); Otama (Reprint),Premium Booster -The Best-,AMBIGUOUS,MEDIUM,3 variants vs 4 alt-set SKUs - pairing requires parallel identity mapping
853,OP01-029,parallel_2,TRUE,593883; 593272,,Radical Beam!! (Textured Foil); Radical Beam!! (Jolly Roger Foil),Premium Booster -The Best-,AMBIGUOUS,MEDIUM,2 variants vs 2 alt-set SKUs - pairing requires parallel identity mapping
854,OP01-029,parallel_3,TRUE,593883; 593272,,Radical Beam!! (Textured Foil); Radical Beam!! (Jolly Roger Foil),Premium Booster -The Best-,AMBIGUOUS,MEDIUM,2 variants vs 2 alt-set SKUs - pairing requires parallel identity mapping
872,OP01-033,parallel_3,TRUE,593285; 593284; 586589,,Izo (OP01-033) (Alternate Art); Izo (OP01-033) (Full Art); Izo (OP01-033) (Jolly Roger Foil),Premium Booster -The Best-,AMBIGUOUS,MEDIUM,2 variants vs 3 alt-set SKUs - pairing requires parallel identity mapping
874,OP01-033,parallel_5,TRUE,593285; 593284; 586589,,Izo (OP01-033) (Alternate Art); Izo (OP01-033) (Full Art); Izo (OP01-033) (Jolly Roger Foil),Premium Booster -The Best-,AMBIGUOUS,MEDIUM,2 variants vs 3 alt-set SKUs - pairing requires parallel identity mapping
887,OP01-035,parallel_2,TRUE,525308; 503247; 564253; 499432; 503243,,Okiku (CS 2023 Celebration Pack); Okiku (Winner Pack Vol. 4); Okiku (Premium Card Collection -BANDAI Fest 23-24-); Okiku (Judge); Okiku (Tournament Pack Vol. 4),One Piece Promotion Cards,AMBIGUOUS,MEDIUM,1 variants vs 5 alt-set SKUs - pairing requires parallel identity mapping
899,OP01-039,parallel_1,TRUE,525675; 525674; 483099; 544613,,Killer (CS 2023 Top Players Pack) [Finalist]; Killer (CS 2023 Top Players Pack); Killer (Promotion Pack 2023); Killer (Judge Pack Vol. 3),One Piece Promotion Cards,AMBIGUOUS,MEDIUM,1 variants vs 4 alt-set SKUs - pairing requires parallel identity mapping
908,OP01-041,parallel_1,TRUE,586591; 593286; 586590,,Kouzuki Momonosuke (Alternate Art); Kouzuki Momonosuke (Full Art); Kouzuki Momonosuke (Jolly Roger Foil),Premium Booster -The Best-,AMBIGUOUS,MEDIUM,2 variants vs 3 alt-set SKUs - pairing requires parallel identity mapping
911,OP01-041,parallel_5,TRUE,586591; 593286; 586590,,Kouzuki Momonosuke (Alternate Art); Kouzuki Momonosuke (Full Art); Kouzuki Momonosuke (Jolly Roger Foil),Premium Booster -The Best-,AMBIGUOUS,MEDIUM,2 variants vs 3 alt-set SKUs - pairing requires parallel identity mapping
956,OP01-052,parallel_3,TRUE,593292; 593291; 594313,,Raizo (Full Art); Raizo (Jolly Roger Foil); Raizo (Reprint),Premium Booster -The Best-,AMBIGUOUS,MEDIUM,2 variants vs 3 alt-set SKUs - pairing requires parallel identity mapping
957,OP01-052,parallel_4,TRUE,593292; 593291; 594313,,Raizo (Full Art); Raizo (Jolly Roger Foil); Raizo (Reprint),Premium Booster -The Best-,AMBIGUOUS,MEDIUM,2 variants vs 3 alt-set SKUs - pairing requires parallel identity mapping
966,OP01-055,parallel_1,FALSE,,,,,NO_MATCH,LOW,No alt-set parallel SKU found in any searched context
789,OP01-016,parallel_2,TRUE,454536; 587966,,Nami (Parallel); Nami (OP01-016) (Manga),Premium Booster -The Best-; Romance Dawn,AMBIGUOUS,MEDIUM,2 variants vs 2 alt-set SKUs - pairing requires parallel identity mapping
794,OP01-016,parallel_8,TRUE,454536; 587966,,Nami (Parallel); Nami (OP01-016) (Manga),Premium Booster -The Best-; Romance Dawn,AMBIGUOUS,MEDIUM,2 variants vs 2 alt-set SKUs - pairing requires parallel identity mapping
929,OP01-047,parallel_2,TRUE,453515; 586893,,Trafalgar Law (047) (Parallel); Trafalgar Law (OP01-047) (Alternate Art),Premium Booster -The Best-; Romance Dawn,AMBIGUOUS,MEDIUM,2 variants vs 2 alt-set SKUs - pairing requires parallel identity mapping
930,OP01-047,parallel_4,TRUE,453515; 586893,,Trafalgar Law (047) (Parallel); Trafalgar Law (OP01-047) (Alternate Art),Premium Booster -The Best-; Romance Dawn,AMBIGUOUS,MEDIUM,2 variants vs 2 alt-set SKUs - pairing requires parallel identity mapping
946,OP01-051,parallel_2,TRUE,454576; 586892,,"Eustass""Captain""Kid (Parallel); Eustass""Captain""Kid (OP01-051) (Alternate Art)",Premium Booster -The Best-; Romance Dawn,AMBIGUOUS,MEDIUM,2 variants vs 2 alt-set SKUs - pairing requires parallel identity mapping
947,OP01-051,parallel_4,TRUE,454576; 586892,,"Eustass""Captain""Kid (Parallel); Eustass""Captain""Kid (OP01-051) (Alternate Art)",Premium Booster -The Best-; Romance Dawn,AMBIGUOUS,MEDIUM,2 variants vs 2 alt-set SKUs - pairing requires parallel identity mapping
1046,OP01-078,parallel_2,TRUE,454609; 586548; 594315,,Boa Hancock (Parallel); Boa Hancock (OP01-078) (Alternate Art); Boa Hancock (OP01-078) (Reprint),Premium Booster -The Best-; Romance Dawn,AMBIGUOUS,MEDIUM,2 variants vs 3 alt-set SKUs - pairing requires parallel identity mapping
1047,OP01-078,parallel_4,TRUE,454609; 586548; 594315,,Boa Hancock (Parallel); Boa Hancock (OP01-078) (Alternate Art); Boa Hancock (OP01-078) (Reprint),Premium Booster -The Best-; Romance Dawn,AMBIGUOUS,MEDIUM,2 variants vs 3 alt-set SKUs - pairing requires parallel identity mapping
1159,OP01-120,parallel_2,TRUE,454665; 454666; 587708; 586194; 594316,,Shanks (Parallel); Shanks (Parallel) (Manga) (Alternate Art); Shanks (Manga); Shanks (OP01-120) (Alternate Art); Shanks (OP01-120) (Reprint),Premium Booster -The Best-; Romance Dawn,AMBIGUOUS,MEDIUM,2 variants vs 5 alt-set SKUs - pairing requires parallel identity mapping
1160,OP01-120,parallel_5,TRUE,454665; 454666; 587708; 586194; 594316,,Shanks (Parallel); Shanks (Parallel) (Manga) (Alternate Art); Shanks (Manga); Shanks (OP01-120) (Alternate Art); Shanks (OP01-120) (Reprint),Premium Booster -The Best-; Romance Dawn,AMBIGUOUS,MEDIUM,2 variants vs 5 alt-set SKUs - pairing requires parallel identity mapping
1170,OP01-121,parallel_2,TRUE,454669; 586891; 596374,,Yamato (Parallel); Yamato (OP01-121) (Alternate Art); Yamato (OP01-121) (Reprint),Premium Booster -The Best-; Romance Dawn,AMBIGUOUS,MEDIUM,2 variants vs 3 alt-set SKUs - pairing requires parallel identity mapping
1171,OP01-121,parallel_4,TRUE,454669; 586891; 596374,,Yamato (Parallel); Yamato (OP01-121) (Alternate Art); Yamato (OP01-121) (Reprint),Premium Booster -The Best-; Romance Dawn,AMBIGUOUS,MEDIUM,2 variants vs 3 alt-set SKUs - pairing requires parallel identity mapping
