fetcher_name,exact_entrypoint,trigger_type,source_lane,writes_db,writes_assets,disable_recommended,exact_disable_method,verification_method,notes
nightly_3am_fetch_all_missing,miru_ai/server.py:9275 -> _schedule_next_nightly_image_fetch() -> _nightly_image_fetch_tick() -> _start_fetch_missing_images_job(trigger=nightly_0300) -> miru_ai/workers/image_fetcher.py:394 fetch_all_missing(),scheduled_timer_3am_daily,Bandai CDN (base: en.onepiece-cardgame.com/images/cardlist/card/{code}.png) + card_variants.image_url (variants),yes (UPDATE card_variants SET image_path),yes (D:\Miru_Assets),yes,Comment out line 9275 in miru_ai/server.py: _schedule_next_nightly_image_fetch(). This single line is the only activation point. All Timer/Thread/function definitions can remain intact for future re-enable.,"1) Restart miru_ai server; 2) Check server log for absence of 'Scheduled nightly Miru image fetch in N seconds'; 3) Wait past 3:00 AM and confirm no FETCH_RUN_START line in D:\Miru_Assets\fetch_log.txt; 4) Confirm /api/health still returns 200",Primary disable target. This is the ONLY scheduled image fetch. Fires daily at 3:00 AM via daemon Threading.Timer set during create_app(). Calls fetch_all_missing() which runs both fetch_missing_base_images (Bandai CDN) and fetch_missing_variant_images (card_variants.image_url). Writes to card_variants.image_path on success. After OPTCG API cutover this lane is superseded.
manual_api_fetch_missing_images,miru_ai/server.py:11883 POST /api/dev/fetch-missing-images -> _start_fetch_missing_images_job(trigger=manual_api) -> fetch_all_missing(),manual_api_endpoint,Same as nightly (Bandai CDN + card_variants.image_url),yes (UPDATE card_variants SET image_path),yes (D:\Miru_Assets),yes_after_nightly,"Add early return or feature flag check at top of dev_fetch_missing_images() route handler. Example: return jsonify({'ok': False, 'error': 'Legacy image fetch disabled pending OPTCG API cutover'}), 403","1) POST /api/dev/fetch-missing-images from localhost; 2) Confirm 403 response with disabled message; 3) Confirm no FETCH_RUN_START in fetch_log.txt",Secondary disable target. Only fires on explicit manual POST from trusted network. Lower urgency than nightly since it requires deliberate action. Disable after nightly is disabled to prevent accidental manual triggers of legacy lane.
cli_miru_image_fetcher,tools/miru_image_fetcher.py -> miru_ai/workers/image_fetcher.py (runpy),manual_cli_only,Same as nightly (Bandai CDN + card_variants.image_url),yes (UPDATE card_variants SET image_path),yes (D:\Miru_Assets),no_action_needed,N/A - manual CLI tool only invoked by explicit operator command. No automated trigger exists.,N/A,Compatibility wrapper. Only runs when operator explicitly invokes python tools/miru_image_fetcher.py. No disable needed - operator controls invocation.
phase_b_fetch_images,tools/phase_b_fetch_images.py,manual_cli_only,Bandai CDN + manifest-driven,yes (INSERT image_assets),yes (D:\Miru_Assets),no_action_needed,N/A - manual CLI tool only.,N/A,Phase B manifest-driven fetcher. Only runs when operator explicitly invokes. Reads from data/image_fetch_manifest.json. Writes to image_assets table (not card_variants).
parallel_reprint_fetcher,tools/miru_parallel_reprint_fetcher.py,manual_cli_only,Bandai CDN + series page scraping,yes (UPDATE card_variants),yes (D:\Miru_Assets),no_action_needed,N/A - manual CLI tool only.,N/A,Fetches parallel/reprint variants via Bandai CDN with provenance routing. Manual operator invocation only.
chapter19_11b_install_images,tools/fetch_chapter19_11b_install_images.py,manual_cli_only,Bandai CDN,no (read-only DB),yes (D:\Miru_Assets),no_action_needed,N/A - manual CLI tool only.,N/A,Surgical fetcher for Chapter 19 install plan. Reads artifact CSV. No DB writes.
chapter19_11c_install_images,tools/fetch_chapter19_11c_install_images.py,manual_cli_only,Bandai CDN + official cardlist page scraping,no (read-only DB),yes (D:\Miru_Assets),no_action_needed,N/A - manual CLI tool only.,N/A,Surgical fetcher for Chapter 19 install panel. Manual operator invocation only.
op01_wave1_fetch,tools/op01_wave1_fetch.py,manual_cli_only,OPTCG API official URLs,no,yes (D:\Miru_Assets),no_action_needed,N/A - manual CLI tool. Already uses OPTCG API lane (new approved source).,N/A,Controlled OP01 Wave 1 fetch. Uses OPTCG API URLs. No DB writes. This IS the new approved lane.
op01_wave2_fetch,tools/op01_wave2_fetch.py,manual_cli_only,OPTCG API official URLs,no,yes (D:\Miru_Assets),no_action_needed,N/A - manual CLI tool. Already uses OPTCG API lane (new approved source).,N/A,Controlled OP01 Wave 2 fetch. Uses OPTCG API URLs. No DB writes. This IS the new approved lane.
